Dataset id,SDG,ContinousKLDivergence,ContinousKLDivergence_time,Quality,Original dataset
SD0Q1000_0,SD0Q1000,0.5757498428095803,0.0967307000000001,Q1000,D0
SD0Q1000_1,SD0Q1000,0.5912506934977942,0.1779752999999999,Q1000,D0
SD0Q1000_2,SD0Q1000,0.6013553599491371,0.0775792000000006,Q1000,D0
SD0Q1000_3,SD0Q1000,0.5786928361887866,0.0867286000000007,Q1000,D0
SD0Q1000_4,SD0Q1000,0.5831253986307372,0.0980245999999995,Q1000,D0
SD0Q1000_5,SD0Q1000,0.6027825730570989,0.0864972000000001,Q1000,D0
SD0Q1000_6,SD0Q1000,0.5975690431876564,0.0685115999999999,Q1000,D0
SD0Q1000_7,SD0Q1000,0.5808361498828678,0.0789466999999994,Q1000,D0
SD0Q1000_8,SD0Q1000,0.5853012814550057,0.0824664000000003,Q1000,D0
SD0Q1000_9,SD0Q1000,0.5783317216181463,0.1183163,Q1000,D0
SD0Q100_0,SD0Q100,0.5165155294909954,0.1098942999999996,Q100,D0
SD0Q100_1,SD0Q100,0.5127447859305817,0.0966852999999998,Q100,D0
SD0Q100_2,SD0Q100,0.5370326354336826,0.1271264000000007,Q100,D0
SD0Q100_3,SD0Q100,0.5246696346932,0.1664368000000013,Q100,D0
SD0Q100_4,SD0Q100,0.5408932470145127,0.1039843999999998,Q100,D0
SD0Q100_5,SD0Q100,0.5294385811218577,0.1142928000000012,Q100,D0
SD0Q100_6,SD0Q100,0.5370608631617204,0.0836797000000011,Q100,D0
SD0Q100_7,SD0Q100,0.5261315011228824,0.0894116,Q100,D0
SD0Q100_8,SD0Q100,0.5190852151523035,0.0858616999999988,Q100,D0
SD0Q100_9,SD0Q100,0.5251770724985011,0.0858168999999993,Q100,D0
SD0Q10_0,SD0Q10,0.4238347727094913,0.0882159999999991,Q10,D0
SD0Q10_1,SD0Q10,0.4240702707648275,0.081662399999999,Q10,D0
SD0Q10_2,SD0Q10,0.4295070207355559,0.0863451000000008,Q10,D0
SD0Q10_3,SD0Q10,0.4382754970885515,0.0984774000000001,Q10,D0
SD0Q10_4,SD0Q10,0.4059038170596362,0.0944629999999993,Q10,D0
SD0Q10_5,SD0Q10,0.4134766468412011,0.0939807999999988,Q10,D0
SD0Q10_6,SD0Q10,0.4173656825373061,0.0908703000000006,Q10,D0
SD0Q10_7,SD0Q10,0.4122080101253544,0.0903653000000002,Q10,D0
SD0Q10_8,SD0Q10,0.4333342346175344,0.0831695000000003,Q10,D0
SD0Q10_9,SD0Q10,0.4150136889400269,0.0876871999999995,Q10,D0
SD0Q1500_0,SD0Q1500,0.5734446648794439,0.0952280999999999,Q1500,D0
SD0Q1500_1,SD0Q1500,0.5659330707759666,0.0924425000000006,Q1500,D0
SD0Q1500_2,SD0Q1500,0.5822448990358443,0.0860804000000001,Q1500,D0
SD0Q1500_3,SD0Q1500,0.5872160698246234,0.0887628999999989,Q1500,D0
SD0Q1500_4,SD0Q1500,0.5728087844035009,0.0924685000000007,Q1500,D0
SD0Q1500_5,SD0Q1500,0.5689800433787833,0.0877461000000003,Q1500,D0
SD0Q1500_6,SD0Q1500,0.5581044194209658,0.1061257999999991,Q1500,D0
SD0Q1500_7,SD0Q1500,0.5460273443343416,0.0878700999999999,Q1500,D0
SD0Q1500_8,SD0Q1500,0.5815998554920917,0.1019402999999989,Q1500,D0
SD0Q1500_9,SD0Q1500,0.5798766058701158,0.0925655000000009,Q1500,D0
SD0Q500_0,SD0Q500,0.5395638557863751,0.0822628000000005,Q500,D0
SD0Q500_1,SD0Q500,0.5282745989152121,0.0826939000000006,Q500,D0
SD0Q500_2,SD0Q500,0.5347918660671257,0.0829195000000009,Q500,D0
SD0Q500_3,SD0Q500,0.5515551681876611,0.1173456000000001,Q500,D0
SD0Q500_4,SD0Q500,0.5383712284912454,0.0816441000000001,Q500,D0
SD0Q500_5,SD0Q500,0.5481172357952275,0.104636300000001,Q500,D0
SD0Q500_6,SD0Q500,0.5244603001022797,0.0940055999999991,Q500,D0
SD0Q500_7,SD0Q500,0.5389579325561474,0.0950613999999987,Q500,D0
SD0Q500_8,SD0Q500,0.5341722295583385,0.0939902999999997,Q500,D0
SD0Q500_9,SD0Q500,0.5248925366252223,0.0962262000000002,Q500,D0
SD1Q1000_0,SD1Q1000,0.731412352667419,0.0163173000000007,Q1000,D1
SD1Q1000_1,SD1Q1000,0.7081398069067247,0.0196982999999999,Q1000,D1
SD1Q1000_2,SD1Q1000,0.696999288784411,0.0166333999999999,Q1000,D1
SD1Q1000_3,SD1Q1000,0.7133151062129484,0.0289872999999989,Q1000,D1
SD1Q1000_4,SD1Q1000,0.7442753044162989,0.0210436999999998,Q1000,D1
SD1Q1000_5,SD1Q1000,0.7395486013456,0.016808000000001,Q1000,D1
SD1Q1000_6,SD1Q1000,0.7241003189076064,0.0155643999999988,Q1000,D1
SD1Q1000_7,SD1Q1000,0.7451356224900745,0.0227548999999989,Q1000,D1
SD1Q1000_8,SD1Q1000,0.7322514938804946,0.0270308000000003,Q1000,D1
SD1Q1000_9,SD1Q1000,0.7261157043738105,0.0200058999999992,Q1000,D1
SD1Q100_0,SD1Q100,0.726121539596102,0.0219247000000013,Q100,D1
SD1Q100_1,SD1Q100,0.6854702602033996,0.0304960000000011,Q100,D1
SD1Q100_2,SD1Q100,0.7083333791222005,0.0214284000000013,Q100,D1
SD1Q100_3,SD1Q100,0.6379975779560448,0.0198126999999992,Q100,D1
SD1Q100_4,SD1Q100,0.6650555771712089,0.0198364999999984,Q100,D1
SD1Q100_5,SD1Q100,0.7114247099995731,0.0202902999999992,Q100,D1
SD1Q100_6,SD1Q100,0.6916347968189512,0.0224181999999988,Q100,D1
SD1Q100_7,SD1Q100,0.6758497072096045,0.021014899999999,Q100,D1
SD1Q100_8,SD1Q100,0.6650714304414711,0.0571573999999994,Q100,D1
SD1Q100_9,SD1Q100,0.6592113620987264,0.0398920999999994,Q100,D1
SD1Q10_0,SD1Q10,0.2338219724693357,0.0301978000000016,Q10,D1
SD1Q10_1,SD1Q10,0.2398738493767027,0.0221991999999993,Q10,D1
SD1Q10_2,SD1Q10,0.2398506643124191,0.0191219999999994,Q10,D1
SD1Q10_3,SD1Q10,0.2352234430394586,0.0245432000000001,Q10,D1
SD1Q10_4,SD1Q10,0.245133696493842,0.0198055000000003,Q10,D1
SD1Q10_5,SD1Q10,0.2370213503980905,0.0193591000000008,Q10,D1
SD1Q10_6,SD1Q10,0.2472589604271025,0.0202618000000001,Q10,D1
SD1Q10_7,SD1Q10,0.2450985346418787,0.0269100000000008,Q10,D1
SD1Q10_8,SD1Q10,0.2370336980047558,0.017476199999999,Q10,D1
SD1Q10_9,SD1Q10,0.2431851480924969,0.0210384000000001,Q10,D1
SD1Q1500_0,SD1Q1500,0.7073906135894837,0.0273323999999988,Q1500,D1
SD1Q1500_1,SD1Q1500,0.7202212107876393,0.0226009999999998,Q1500,D1
SD1Q1500_2,SD1Q1500,0.7212071288920029,0.0187217999999997,Q1500,D1
SD1Q1500_3,SD1Q1500,0.6995541027735516,0.0209745999999988,Q1500,D1
SD1Q1500_4,SD1Q1500,0.7019696025063819,0.0175893999999985,Q1500,D1
SD1Q1500_5,SD1Q1500,0.6910160809396425,0.0258436999999993,Q1500,D1
SD1Q1500_6,SD1Q1500,0.7246803524997391,0.0295546999999984,Q1500,D1
SD1Q1500_7,SD1Q1500,0.6785650652878532,0.0340898999999996,Q1500,D1
SD1Q1500_8,SD1Q1500,0.6345314066115095,0.0194556000000005,Q1500,D1
SD1Q1500_9,SD1Q1500,0.7159584709371059,0.0146697000000006,Q1500,D1
SD1Q500_0,SD1Q500,0.5311649869746204,0.0152781000000015,Q500,D1
SD1Q500_1,SD1Q500,0.5326988707273171,0.0219477999999995,Q500,D1
SD1Q500_2,SD1Q500,0.5267304192845778,0.0179591999999999,Q500,D1
SD1Q500_3,SD1Q500,0.5464738810635051,0.0223394999999992,Q500,D1
SD1Q500_4,SD1Q500,0.5302765734300144,0.0205578000000006,Q500,D1
SD1Q500_5,SD1Q500,0.5055786445724485,0.0228563000000008,Q500,D1
SD1Q500_6,SD1Q500,0.5199217634788953,0.0236115000000012,Q500,D1
SD1Q500_7,SD1Q500,0.5455679907464579,0.0209422999999997,Q500,D1
SD1Q500_8,SD1Q500,0.504721449055639,0.0232872999999997,Q500,D1
SD1Q500_9,SD1Q500,0.530185128664246,0.0211466999999991,Q500,D1
SD205Q1000_0,SD205Q1000,0.8859092898850799,0.0691486000000001,Q1000,D205
SD205Q1000_1,SD205Q1000,0.8832936081954988,0.0641708999999988,Q1000,D205
SD205Q1000_2,SD205Q1000,0.8888055390917434,0.0684341999999986,Q1000,D205
SD205Q1000_3,SD205Q1000,0.8898886138337778,0.0638379000000011,Q1000,D205
SD205Q1000_4,SD205Q1000,0.8888789159891158,0.061349400000001,Q1000,D205
SD205Q1000_5,SD205Q1000,0.8885260714282881,0.0693034000000007,Q1000,D205
SD205Q1000_6,SD205Q1000,0.888870711401939,0.0682172999999988,Q1000,D205
SD205Q1000_7,SD205Q1000,0.8891381078842697,0.0652729999999994,Q1000,D205
SD205Q1000_8,SD205Q1000,0.8874607183212524,0.0791883999999996,Q1000,D205
SD205Q1000_9,SD205Q1000,0.8835032472884647,0.0745377999999998,Q1000,D205
SD205Q100_0,SD205Q100,0.8613344629893327,0.0734978000000001,Q100,D205
SD205Q100_1,SD205Q100,0.8629429262401639,0.0595295,Q100,D205
SD205Q100_2,SD205Q100,0.8513258851232014,0.0668024000000002,Q100,D205
SD205Q100_3,SD205Q100,0.8543960084678239,0.0801987000000004,Q100,D205
SD205Q100_4,SD205Q100,0.854860174888069,0.0676152000000005,Q100,D205
SD205Q100_5,SD205Q100,0.8652774576841749,0.0782185999999995,Q100,D205
SD205Q100_6,SD205Q100,0.8631999251581485,0.0705965000000006,Q100,D205
SD205Q100_7,SD205Q100,0.8676906320248328,0.0967661999999975,Q100,D205
SD205Q100_8,SD205Q100,0.8653674682773116,0.0830085000000018,Q100,D205
SD205Q100_9,SD205Q100,0.8623777379106973,0.0777102999999996,Q100,D205
SD205Q10_0,SD205Q10,0.7050917517052242,0.1248423999999985,Q10,D205
SD205Q10_1,SD205Q10,0.7019007312763337,0.0775375999999994,Q10,D205
SD205Q10_2,SD205Q10,0.7064949793318961,0.0777949000000006,Q10,D205
SD205Q10_3,SD205Q10,0.687672854436545,0.0905949000000028,Q10,D205
SD205Q10_4,SD205Q10,0.695746156783109,0.1147550000000023,Q10,D205
SD205Q10_5,SD205Q10,0.693806623421759,0.0913433999999995,Q10,D205
SD205Q10_6,SD205Q10,0.707476265646805,0.0807801000000019,Q10,D205
SD205Q10_7,SD205Q10,0.7012953293271177,0.0840399000000005,Q10,D205
SD205Q10_8,SD205Q10,0.6915128978523354,0.0700132000000017,Q10,D205
SD205Q10_9,SD205Q10,0.69210052742055,0.0666837999999998,Q10,D205
SD205Q1500_0,SD205Q1500,0.8507277675463055,0.0642726000000024,Q1500,D205
SD205Q1500_1,SD205Q1500,0.8573966878427783,0.0694654999999997,Q1500,D205
SD205Q1500_2,SD205Q1500,0.8520574864520266,0.0601529999999996,Q1500,D205
SD205Q1500_3,SD205Q1500,0.8409564126571321,0.0639697999999988,Q1500,D205
SD205Q1500_4,SD205Q1500,0.8474840277813532,0.0701128000000004,Q1500,D205
SD205Q1500_5,SD205Q1500,0.8644909800873203,0.0649977999999968,Q1500,D205
SD205Q1500_6,SD205Q1500,0.851902441063308,0.0587716999999976,Q1500,D205
SD205Q1500_7,SD205Q1500,0.8481811672727108,0.0664516000000006,Q1500,D205
SD205Q1500_8,SD205Q1500,0.8596457175664686,0.0744682999999994,Q1500,D205
SD205Q1500_9,SD205Q1500,0.8537579526892409,0.0625399000000008,Q1500,D205
SD205Q500_0,SD205Q500,0.870322250096006,0.0545531999999973,Q500,D205
SD205Q500_1,SD205Q500,0.8686155745244397,0.0730038000000021,Q500,D205
SD205Q500_2,SD205Q500,0.8739605363109749,0.0605909000000011,Q500,D205
SD205Q500_3,SD205Q500,0.8700451860990287,0.0658199999999986,Q500,D205
SD205Q500_4,SD205Q500,0.8741798521640806,0.071787699999998,Q500,D205
SD205Q500_5,SD205Q500,0.8763307536818504,0.063971900000002,Q500,D205
SD205Q500_6,SD205Q500,0.8719957686737371,0.0588160000000002,Q500,D205
SD205Q500_7,SD205Q500,0.881668217450202,0.052337099999999,Q500,D205
SD205Q500_8,SD205Q500,0.8795246153012217,0.0697293999999999,Q500,D205
SD205Q500_9,SD205Q500,0.8742603477524785,0.0674876999999973,Q500,D205
SD305Q1000_0,SD305Q1000,0.9320367540756038,1294.090207,Q1000,D305
SD305Q1000_1,SD305Q1000,0.9323630835411216,1505.8594108999998,Q1000,D305
SD305Q1000_2,SD305Q1000,0.9323969424891794,1514.1049994999998,Q1000,D305
SD305Q1000_3,SD305Q1000,0.9312459677012372,1475.1656703000008,Q1000,D305
SD305Q1000_4,SD305Q1000,0.9311295896977256,1546.4986492999997,Q1000,D305
SD305Q1000_5,SD305Q1000,0.9321754559060026,1528.7224954000003,Q1000,D305
SD305Q1000_6,SD305Q1000,0.9327629902601372,1553.2460556999995,Q1000,D305
SD305Q1000_7,SD305Q1000,0.931458306591594,1555.1043416000011,Q1000,D305
SD305Q1000_8,SD305Q1000,0.9320406294982838,1561.5882769,Q1000,D305
SD305Q1000_9,SD305Q1000,0.9309199884776954,1546.7142237000007,Q1000,D305
SD305Q100_0,SD305Q100,0.8024375241026281,1553.6767753000004,Q100,D305
SD305Q100_1,SD305Q100,0.7979024298727105,1431.7460222000009,Q100,D305
SD305Q100_2,SD305Q100,0.8014022002593536,1192.4817254000009,Q100,D305
SD305Q100_3,SD305Q100,0.799330664692504,1322.2007836000012,Q100,D305
SD305Q100_4,SD305Q100,0.8016847072784284,1127.6108480000005,Q100,D305
SD305Q100_5,SD305Q100,0.7996204051468517,1086.532501499998,Q100,D305
SD305Q100_6,SD305Q100,0.8011733092190599,1078.8863060000003,Q100,D305
SD305Q100_7,SD305Q100,0.8005455888324607,1093.6645897999988,Q100,D305
SD305Q100_8,SD305Q100,0.7993707635732978,1092.0395226,Q100,D305
SD305Q100_9,SD305Q100,0.8020010910477774,1089.7878421000023,Q100,D305
SD305Q10_0,SD305Q10,0.7624660458766259,1092.726023799998,Q10,D305
SD305Q10_1,SD305Q10,0.7626683559892866,1090.1964437999995,Q10,D305
SD305Q10_2,SD305Q10,0.7622759278963551,1086.7207648000003,Q10,D305
SD305Q10_3,SD305Q10,0.7618498252969964,1096.095694399999,Q10,D305
SD305Q10_4,SD305Q10,0.7624660458766259,1086.8763083000013,Q10,D305
SD305Q10_5,SD305Q10,0.7624660458766259,1089.5875796999971,Q10,D305
SD305Q10_6,SD305Q10,0.7624660458766259,1099.985119500001,Q10,D305
SD305Q10_7,SD305Q10,0.7626722077886788,1081.7361251000038,Q10,D305
SD305Q10_8,SD305Q10,0.7624642933357889,1078.5193290000025,Q10,D305
SD305Q10_9,SD305Q10,0.7623779521745914,1096.8769242999988,Q10,D305
SD305Q1500_0,SD305Q1500,0.9224504168207645,1098.5686866999968,Q1500,D305
SD305Q1500_1,SD305Q1500,0.9228714745533422,1107.637293300002,Q1500,D305
SD305Q1500_2,SD305Q1500,0.9221031718771756,1097.1159778,Q1500,D305
SD305Q1500_3,SD305Q1500,0.9215043157924026,1099.0395602999995,Q1500,D305
SD305Q1500_4,SD305Q1500,0.9238655528573642,1099.3914288000014,Q1500,D305
SD305Q1500_5,SD305Q1500,0.921737827154865,1110.270785300003,Q1500,D305
SD305Q1500_6,SD305Q1500,0.9233398842169998,1105.5966648999963,Q1500,D305
SD305Q1500_7,SD305Q1500,0.9219895047909475,1124.2692533000009,Q1500,D305
SD305Q1500_8,SD305Q1500,0.9238415392367199,1363.2817872,Q1500,D305
SD305Q1500_9,SD305Q1500,0.9227522585651674,1247.6794687999998,Q1500,D305
SD305Q500_0,SD305Q500,0.8234382716851248,1053.6212855999997,Q500,D305
SD305Q500_1,SD305Q500,0.8269852424801095,954.2671201000003,Q500,D305
SD305Q500_2,SD305Q500,0.8276712196634737,943.1190943000001,Q500,D305
SD305Q500_3,SD305Q500,0.826261540386698,940.9993221000004,Q500,D305
SD305Q500_4,SD305Q500,0.8291729312342739,956.8947298000003,Q500,D305
SD305Q500_5,SD305Q500,0.8261201521092635,940.2527467999998,Q500,D305
SD305Q500_6,SD305Q500,0.826343137950861,940.6018801999999,Q500,D305
SD305Q500_7,SD305Q500,0.8268872828070498,944.0979972999994,Q500,D305
SD305Q500_8,SD305Q500,0.8265471144980542,943.3967069000009,Q500,D305
SD305Q500_9,SD305Q500,0.8273281761279115,946.4913591000004,Q500,D305
SD405Q1000_0,SD405Q1000,0.8051561396356193,0.04378089999954682,Q1000,D405
SD405Q1000_1,SD405Q1000,0.823590601637328,0.035192499999538995,Q1000,D405
SD405Q1000_2,SD405Q1000,0.8253853380750409,0.05955089999952179,Q1000,D405
SD405Q1000_3,SD405Q1000,0.8175399044520054,0.04347269999925629,Q1000,D405
SD405Q1000_4,SD405Q1000,0.8121742598003409,0.04892930000096385,Q1000,D405
SD405Q1000_5,SD405Q1000,0.8014353775699219,0.054586899999776506,Q1000,D405
SD405Q1000_6,SD405Q1000,0.8307589724847317,0.04474560000016936,Q1000,D405
SD405Q1000_7,SD405Q1000,0.8185184754219732,0.05808840000099735,Q1000,D405
SD405Q1000_8,SD405Q1000,0.81715704631667,0.05322209999940242,Q1000,D405
SD405Q1000_9,SD405Q1000,0.7989507943339619,0.04715360000045621,Q1000,D405
SD405Q100_0,SD405Q100,0.826618973083359,0.0433697000007669,Q100,D405
SD405Q100_1,SD405Q100,0.8137076099318564,0.04675849999875936,Q100,D405
SD405Q100_2,SD405Q100,0.8121786486287323,0.04891940000015893,Q100,D405
SD405Q100_3,SD405Q100,0.8205772274026303,0.03794249999918975,Q100,D405
SD405Q100_4,SD405Q100,0.8064080457722623,0.04228460000013001,Q100,D405
SD405Q100_5,SD405Q100,0.8160560475494745,0.053471799999897485,Q100,D405
SD405Q100_6,SD405Q100,0.827383044169797,0.06637189999855764,Q100,D405
SD405Q100_7,SD405Q100,0.8157636074595812,0.044427700000596815,Q100,D405
SD405Q100_8,SD405Q100,0.8215518840043555,0.04189369999949122,Q100,D405
SD405Q100_9,SD405Q100,0.8272524676682826,0.04496130000006815,Q100,D405
SD405Q10_0,SD405Q10,0.5133592093865408,0.04995939999935217,Q10,D405
SD405Q10_1,SD405Q10,0.5272449754976684,0.04516639999928884,Q10,D405
SD405Q10_2,SD405Q10,0.5310190990579328,0.050374799999190145,Q10,D405
SD405Q10_3,SD405Q10,0.5333478351675082,0.04505289999906381,Q10,D405
SD405Q10_4,SD405Q10,0.5309588671755068,0.042003200000181096,Q10,D405
SD405Q10_5,SD405Q10,0.5251637405687952,0.03930230000150914,Q10,D405
SD405Q10_6,SD405Q10,0.5336320655614663,0.04434450000007928,Q10,D405
SD405Q10_7,SD405Q10,0.5314557211823845,0.047369900001285714,Q10,D405
SD405Q10_8,SD405Q10,0.5178575962951262,0.048333000000639004,Q10,D405
SD405Q10_9,SD405Q10,0.5265374759610115,0.05010749999928521,Q10,D405
SD405Q1500_0,SD405Q1500,0.9190067349134713,0.04730539999945904,Q1500,D405
SD405Q1500_1,SD405Q1500,0.9060876311298641,0.05717300000105752,Q1500,D405
SD405Q1500_2,SD405Q1500,0.9158648310351336,0.04529319999892323,Q1500,D405
SD405Q1500_3,SD405Q1500,0.9159603837099303,0.06505719999950088,Q1500,D405
SD405Q1500_4,SD405Q1500,0.9255983478130815,0.04584749999958149,Q1500,D405
SD405Q1500_5,SD405Q1500,0.9087051523023145,0.0458000999988144,Q1500,D405
SD405Q1500_6,SD405Q1500,0.9198230146882193,0.03740929999912623,Q1500,D405
SD405Q1500_7,SD405Q1500,0.9222170456511717,0.05288669999936246,Q1500,D405
SD405Q1500_8,SD405Q1500,0.9157197828836313,0.05289900000025227,Q1500,D405
SD405Q1500_9,SD405Q1500,0.9171765650964623,0.0375023999986297,Q1500,D405
SD405Q500_0,SD405Q500,0.7995686728605549,0.045591300000523916,Q500,D405
SD405Q500_1,SD405Q500,0.8215211976409388,0.04506310000033409,Q500,D405
SD405Q500_2,SD405Q500,0.8178713011240438,0.042953899999702116,Q500,D405
SD405Q500_3,SD405Q500,0.807556024947744,0.04767630000060308,Q500,D405
SD405Q500_4,SD405Q500,0.8149837175692549,0.04741680000006454,Q500,D405
SD405Q500_5,SD405Q500,0.8223306556821238,0.05322079999859852,Q500,D405
SD405Q500_6,SD405Q500,0.8144052858980844,0.04555880000043544,Q500,D405
SD405Q500_7,SD405Q500,0.8089121729555206,0.04833419999886246,Q500,D405
SD405Q500_8,SD405Q500,0.8257441628281722,0.04664260000026843,Q500,D405
SD405Q500_9,SD405Q500,0.8167858712159256,0.04359010000007402,Q500,D405
