Dataset id,SDG,DiscreteKLDivergence,DiscreteKLDivergence_time,Quality,Original dataset
SD0Q1000_0,SD0Q1000,,0.0021950999999944543,Q1000,D0
SD0Q1000_1,SD0Q1000,,0.0003585999999984324,Q1000,D0
SD0Q1000_2,SD0Q1000,,0.0003637000000082935,Q1000,D0
SD0Q1000_3,SD0Q1000,,0.00045420000000717664,Q1000,D0
SD0Q1000_4,SD0Q1000,,0.0003643000000010943,Q1000,D0
SD0Q1000_5,SD0Q1000,,0.00036360000000001946,Q1000,D0
SD0Q1000_6,SD0Q1000,,0.0003523000000029697,Q1000,D0
SD0Q1000_7,SD0Q1000,,0.0008099000000072465,Q1000,D0
SD0Q1000_8,SD0Q1000,,0.00035150000000783166,Q1000,D0
SD0Q1000_9,SD0Q1000,,0.00048710000000085074,Q1000,D0
SD0Q100_0,SD0Q100,,0.0005701999999985219,Q100,D0
SD0Q100_1,SD0Q100,,0.0003628999999989446,Q100,D0
SD0Q100_2,SD0Q100,,0.0007655999999940377,Q100,D0
SD0Q100_3,SD0Q100,,0.00041319999999700485,Q100,D0
SD0Q100_4,SD0Q100,,0.0003966999999960308,Q100,D0
SD0Q100_5,SD0Q100,,0.0009442000000063899,Q100,D0
SD0Q100_6,SD0Q100,,0.00048110000000178843,Q100,D0
SD0Q100_7,SD0Q100,,0.0007449999999948886,Q100,D0
SD0Q100_8,SD0Q100,,0.0003520000000065693,Q100,D0
SD0Q100_9,SD0Q100,,0.0006177000000064936,Q100,D0
SD0Q10_0,SD0Q10,,0.0005925999999902842,Q10,D0
SD0Q10_1,SD0Q10,,0.0003642000000070311,Q10,D0
SD0Q10_2,SD0Q10,,0.0007097000000015896,Q10,D0
SD0Q10_3,SD0Q10,,0.0004952000000031376,Q10,D0
SD0Q10_4,SD0Q10,,0.0003517999999900212,Q10,D0
SD0Q10_5,SD0Q10,,0.00035579999999413303,Q10,D0
SD0Q10_6,SD0Q10,,0.0003719000000046435,Q10,D0
SD0Q10_7,SD0Q10,,0.0003689999999920701,Q10,D0
SD0Q10_8,SD0Q10,,0.00035189999999829524,Q10,D0
SD0Q10_9,SD0Q10,,0.0003513999999995576,Q10,D0
SD0Q1500_0,SD0Q1500,,0.0003492000000022699,Q1500,D0
SD0Q1500_1,SD0Q1500,,0.0007188999999954149,Q1500,D0
SD0Q1500_2,SD0Q1500,,0.0004856000000046379,Q1500,D0
SD0Q1500_3,SD0Q1500,,0.00039560000000449236,Q1500,D0
SD0Q1500_4,SD0Q1500,,0.00047090000001048793,Q1500,D0
SD0Q1500_5,SD0Q1500,,0.0007940999999931364,Q1500,D0
SD0Q1500_6,SD0Q1500,,0.0003588000000007696,Q1500,D0
SD0Q1500_7,SD0Q1500,,0.00035599999999647025,Q1500,D0
SD0Q1500_8,SD0Q1500,,0.0004135000000076161,Q1500,D0
SD0Q1500_9,SD0Q1500,,0.0004038000000008424,Q1500,D0
SD0Q500_0,SD0Q500,,0.00036710000000539367,Q500,D0
SD0Q500_1,SD0Q500,,0.0003872999999998683,Q500,D0
SD0Q500_2,SD0Q500,,0.0009314999999929796,Q500,D0
SD0Q500_3,SD0Q500,,0.0006968000000000529,Q500,D0
SD0Q500_4,SD0Q500,,0.000552200000001335,Q500,D0
SD0Q500_5,SD0Q500,,0.00042609999999854153,Q500,D0
SD0Q500_6,SD0Q500,,0.0007532999999995127,Q500,D0
SD0Q500_7,SD0Q500,,0.0004551000000105887,Q500,D0
SD0Q500_8,SD0Q500,,0.0004385999999954038,Q500,D0
SD0Q500_9,SD0Q500,,0.000373899999999594,Q500,D0
SD1Q1000_0,SD1Q1000,0.8149603911071918,0.02854510000000232,Q1000,D1
SD1Q1000_1,SD1Q1000,0.8348496617679032,0.02586949999999888,Q1000,D1
SD1Q1000_2,SD1Q1000,0.8332037466943953,0.0282224000000042,Q1000,D1
SD1Q1000_3,SD1Q1000,0.8187015344802809,0.02228139999999712,Q1000,D1
SD1Q1000_4,SD1Q1000,0.8258656214039153,0.03199049999999204,Q1000,D1
SD1Q1000_5,SD1Q1000,0.8157768336772179,0.04028830000000028,Q1000,D1
SD1Q1000_6,SD1Q1000,0.8065806937545663,0.0282009999999957,Q1000,D1
SD1Q1000_7,SD1Q1000,0.8316875813496244,0.029072999999996796,Q1000,D1
SD1Q1000_8,SD1Q1000,0.813066666315245,0.02341429999999889,Q1000,D1
SD1Q1000_9,SD1Q1000,0.8279046709506224,0.02381069999999852,Q1000,D1
SD1Q100_0,SD1Q100,0.8088822455457454,0.03020579999999029,Q100,D1
SD1Q100_1,SD1Q100,0.8033726520583899,0.023855199999999854,Q100,D1
SD1Q100_2,SD1Q100,0.8107260338424048,0.028412100000011264,Q100,D1
SD1Q100_3,SD1Q100,0.8102944209342787,0.022861599999998816,Q100,D1
SD1Q100_4,SD1Q100,0.8018412399970346,0.03133389999999281,Q100,D1
SD1Q100_5,SD1Q100,0.8242481013436656,0.025604399999991756,Q100,D1
SD1Q100_6,SD1Q100,0.8015450782455151,0.028267499999998336,Q100,D1
SD1Q100_7,SD1Q100,0.8222375768601673,0.02835890000000063,Q100,D1
SD1Q100_8,SD1Q100,0.8149074683506136,0.026426499999999464,Q100,D1
SD1Q100_9,SD1Q100,0.8046969795762781,0.02600739999999746,Q100,D1
SD1Q10_0,SD1Q10,0.5330709568810772,0.02541349999999909,Q10,D1
SD1Q10_1,SD1Q10,0.5195575696647412,0.02394750000000556,Q10,D1
SD1Q10_2,SD1Q10,0.529127976174008,0.024805599999993433,Q10,D1
SD1Q10_3,SD1Q10,0.539368425605088,0.020617700000002515,Q10,D1
SD1Q10_4,SD1Q10,0.5271936246228368,0.023466700000000174,Q10,D1
SD1Q10_5,SD1Q10,0.5242734738241843,0.024989000000005035,Q10,D1
SD1Q10_6,SD1Q10,0.5254271881477981,0.022429800000011824,Q10,D1
SD1Q10_7,SD1Q10,0.5211515867381651,0.02051469999999256,Q10,D1
SD1Q10_8,SD1Q10,0.5254213683906162,0.023628400000006877,Q10,D1
SD1Q10_9,SD1Q10,0.5379435147170137,0.03049280000000465,Q10,D1
SD1Q1500_0,SD1Q1500,0.8508975289150467,0.024551000000002432,Q1500,D1
SD1Q1500_1,SD1Q1500,0.850644673894314,0.021805799999995656,Q1500,D1
SD1Q1500_2,SD1Q1500,0.8544906222483085,0.023434500000007574,Q1500,D1
SD1Q1500_3,SD1Q1500,0.8466445220491883,0.024500000000003297,Q1500,D1
SD1Q1500_4,SD1Q1500,0.856112993978598,0.021764499999989084,Q1500,D1
SD1Q1500_5,SD1Q1500,0.8507389269409102,0.022958799999997836,Q1500,D1
SD1Q1500_6,SD1Q1500,0.8568498767589532,0.021188499999993837,Q1500,D1
SD1Q1500_7,SD1Q1500,0.8649908771869145,0.024992699999998536,Q1500,D1
SD1Q1500_8,SD1Q1500,0.8418200134084293,0.020855699999998478,Q1500,D1
SD1Q1500_9,SD1Q1500,0.847014115374467,0.025537400000004595,Q1500,D1
SD1Q500_0,SD1Q500,0.8210511347215881,0.02612750000000119,Q500,D1
SD1Q500_1,SD1Q500,0.8142611095737153,0.023933199999987664,Q500,D1
SD1Q500_2,SD1Q500,0.8108016898089581,0.025843599999987532,Q500,D1
SD1Q500_3,SD1Q500,0.818021497348546,0.0254454000000095,Q500,D1
SD1Q500_4,SD1Q500,0.8193095719124319,0.02572399999999675,Q500,D1
SD1Q500_5,SD1Q500,0.8093462866367981,0.021187499999996362,Q500,D1
SD1Q500_6,SD1Q500,0.8167125670938787,0.023344399999999155,Q500,D1
SD1Q500_7,SD1Q500,0.8227542231377584,0.02250259999999571,Q500,D1
SD1Q500_8,SD1Q500,0.81485280455555,0.0246651000000071,Q500,D1
SD1Q500_9,SD1Q500,0.8256153899881997,0.02062410000000625,Q500,D1
SD205Q1000_0,SD205Q1000,0.9412796127947444,0.1638821999999891,Q1000,D205
SD205Q1000_1,SD205Q1000,0.9386436061650633,0.16383470000000955,Q1000,D205
SD205Q1000_2,SD205Q1000,0.9377203898287487,0.17209860000001242,Q1000,D205
SD205Q1000_3,SD205Q1000,0.9405249429901669,0.15963680000000124,Q1000,D205
SD205Q1000_4,SD205Q1000,0.9380551498377612,0.16744549999999947,Q1000,D205
SD205Q1000_5,SD205Q1000,0.9385181510930687,0.16723249999999723,Q1000,D205
SD205Q1000_6,SD205Q1000,0.9391822252180577,0.16786570000000722,Q1000,D205
SD205Q1000_7,SD205Q1000,0.9371647848198486,0.17725690000000327,Q1000,D205
SD205Q1000_8,SD205Q1000,0.9381037149851039,0.17585839999999564,Q1000,D205
SD205Q1000_9,SD205Q1000,0.9403380218504149,0.16884780000000887,Q1000,D205
SD205Q100_0,SD205Q100,0.9334576130281211,0.15999170000000618,Q100,D205
SD205Q100_1,SD205Q100,0.932427254345073,0.1754853000000054,Q100,D205
SD205Q100_2,SD205Q100,0.9332230754446909,0.17916820000000655,Q100,D205
SD205Q100_3,SD205Q100,0.9347931024176166,0.15992230000000518,Q100,D205
SD205Q100_4,SD205Q100,0.9377873501047163,0.1583925999999991,Q100,D205
SD205Q100_5,SD205Q100,0.934374030975614,0.16860289999999623,Q100,D205
SD205Q100_6,SD205Q100,0.9357207554590469,0.1668256000000099,Q100,D205
SD205Q100_7,SD205Q100,0.9336012621183599,0.16403760000000034,Q100,D205
SD205Q100_8,SD205Q100,0.9319107539102659,0.16555160000000058,Q100,D205
SD205Q100_9,SD205Q100,0.9371333551143984,0.17655419999999822,Q100,D205
SD205Q10_0,SD205Q10,0.7238213072844257,0.17747719999999845,Q10,D205
SD205Q10_1,SD205Q10,0.7204216497158356,0.167469600000004,Q10,D205
SD205Q10_2,SD205Q10,0.7124968415317767,0.1726373000000052,Q10,D205
SD205Q10_3,SD205Q10,0.7164016112275877,0.18553370000000768,Q10,D205
SD205Q10_4,SD205Q10,0.7130802609988431,0.15977359999999408,Q10,D205
SD205Q10_5,SD205Q10,0.7162506058929126,0.1740514000000104,Q10,D205
SD205Q10_6,SD205Q10,0.7181428043737684,0.16401019999999278,Q10,D205
SD205Q10_7,SD205Q10,0.71799505459204,0.19028870000001064,Q10,D205
SD205Q10_8,SD205Q10,0.7243295154747638,0.18780209999999897,Q10,D205
SD205Q10_9,SD205Q10,0.7202611555362103,0.1700086999999968,Q10,D205
SD205Q1500_0,SD205Q1500,0.9174685063521426,0.1661880999999994,Q1500,D205
SD205Q1500_1,SD205Q1500,0.9161759079094488,0.15849029999999686,Q1500,D205
SD205Q1500_2,SD205Q1500,0.9129353500945023,0.16614989999999352,Q1500,D205
SD205Q1500_3,SD205Q1500,0.916809422573702,0.2010530000000017,Q1500,D205
SD205Q1500_4,SD205Q1500,0.9172273726268358,0.1765168000000017,Q1500,D205
SD205Q1500_5,SD205Q1500,0.9237084203230045,0.18229900000000043,Q1500,D205
SD205Q1500_6,SD205Q1500,0.9164464673871334,0.16750030000000038,Q1500,D205
SD205Q1500_7,SD205Q1500,0.91902778299734,0.1717807999999934,Q1500,D205
SD205Q1500_8,SD205Q1500,0.9174412036531168,0.17778099999999597,Q1500,D205
SD205Q1500_9,SD205Q1500,0.9131503208481784,0.18157119999999338,Q1500,D205
SD205Q500_0,SD205Q500,0.927326063961122,0.18744260000001134,Q500,D205
SD205Q500_1,SD205Q500,0.925819222954719,0.17905790000000366,Q500,D205
SD205Q500_2,SD205Q500,0.9224678198664006,0.17355839999999034,Q500,D205
SD205Q500_3,SD205Q500,0.9228097027054039,0.17850769999999727,Q500,D205
SD205Q500_4,SD205Q500,0.9290757324877856,0.16439939999999353,Q500,D205
SD205Q500_5,SD205Q500,0.9280482892399791,0.16439370000000508,Q500,D205
SD205Q500_6,SD205Q500,0.9252189681279679,0.16922859999999673,Q500,D205
SD205Q500_7,SD205Q500,0.9258540968465728,0.17844060000000184,Q500,D205
SD205Q500_8,SD205Q500,0.9255984605783706,0.1802914999999956,Q500,D205
SD205Q500_9,SD205Q500,0.9244631331517363,0.16692860000000564,Q500,D205
SD305Q1000_0,SD305Q1000,,0.015576299999992216,Q1000,D305
SD305Q1000_1,SD305Q1000,,0.015705900000000383,Q1000,D305
SD305Q1000_2,SD305Q1000,,0.016723399999989397,Q1000,D305
SD305Q1000_3,SD305Q1000,,0.01523590000002173,Q1000,D305
SD305Q1000_4,SD305Q1000,,0.014581100000015113,Q1000,D305
SD305Q1000_5,SD305Q1000,,0.015557800000010502,Q1000,D305
SD305Q1000_6,SD305Q1000,,0.020444500000024846,Q1000,D305
SD305Q1000_7,SD305Q1000,,0.020697699999999486,Q1000,D305
SD305Q1000_8,SD305Q1000,,0.014556800000008252,Q1000,D305
SD305Q1000_9,SD305Q1000,,0.016462799999999334,Q1000,D305
SD305Q100_0,SD305Q100,,0.014357199999977865,Q100,D305
SD305Q100_1,SD305Q100,,0.014388199999984863,Q100,D305
SD305Q100_2,SD305Q100,,0.016568899999981568,Q100,D305
SD305Q100_3,SD305Q100,,0.01823920000001067,Q100,D305
SD305Q100_4,SD305Q100,,0.015466700000018818,Q100,D305
SD305Q100_5,SD305Q100,,0.014965700000004745,Q100,D305
SD305Q100_6,SD305Q100,,0.018334600000002865,Q100,D305
SD305Q100_7,SD305Q100,,0.015668900000008534,Q100,D305
SD305Q100_8,SD305Q100,,0.018945999999999685,Q100,D305
SD305Q100_9,SD305Q100,,0.014674999999982674,Q100,D305
SD305Q10_0,SD305Q10,,0.01888510000000565,Q10,D305
SD305Q10_1,SD305Q10,,0.023659199999997327,Q10,D305
SD305Q10_2,SD305Q10,,0.017056600000017852,Q10,D305
SD305Q10_3,SD305Q10,,0.022597399999995105,Q10,D305
SD305Q10_4,SD305Q10,,0.024377600000008215,Q10,D305
SD305Q10_5,SD305Q10,,0.01547750000000292,Q10,D305
SD305Q10_6,SD305Q10,,0.019862499999987904,Q10,D305
SD305Q10_7,SD305Q10,,0.01882240000000479,Q10,D305
SD305Q10_8,SD305Q10,,0.015142400000001999,Q10,D305
SD305Q10_9,SD305Q10,,0.014776399999988143,Q10,D305
SD305Q1500_0,SD305Q1500,,0.01797229999999672,Q1500,D305
SD305Q1500_1,SD305Q1500,,0.017986700000022893,Q1500,D305
SD305Q1500_2,SD305Q1500,,0.018074400000017476,Q1500,D305
SD305Q1500_3,SD305Q1500,,0.018701399999997648,Q1500,D305
SD305Q1500_4,SD305Q1500,,0.015032700000006116,Q1500,D305
SD305Q1500_5,SD305Q1500,,0.016841900000002852,Q1500,D305
SD305Q1500_6,SD305Q1500,,0.01856750000001739,Q1500,D305
SD305Q1500_7,SD305Q1500,,0.015256499999992457,Q1500,D305
SD305Q1500_8,SD305Q1500,,0.015188099999988935,Q1500,D305
SD305Q1500_9,SD305Q1500,,0.0340644999999995,Q1500,D305
SD305Q500_0,SD305Q500,,0.016780100000005405,Q500,D305
SD305Q500_1,SD305Q500,,0.017765900000000556,Q500,D305
SD305Q500_2,SD305Q500,,0.016609500000015487,Q500,D305
SD305Q500_3,SD305Q500,,0.016465000000010832,Q500,D305
SD305Q500_4,SD305Q500,,0.01589340000001016,Q500,D305
SD305Q500_5,SD305Q500,,0.01667600000001812,Q500,D305
SD305Q500_6,SD305Q500,,0.0219440999999847,Q500,D305
SD305Q500_7,SD305Q500,,0.020220199999982924,Q500,D305
SD305Q500_8,SD305Q500,,0.023693900000012036,Q500,D305
SD305Q500_9,SD305Q500,,0.015690799999987348,Q500,D305
SD405Q1000_0,SD405Q1000,0.6861588233643539,0.13407580000000507,Q1000,D405
SD405Q1000_1,SD405Q1000,0.6992125868556842,0.12989179999999578,Q1000,D405
SD405Q1000_2,SD405Q1000,0.6847073716431124,0.12037240000000793,Q1000,D405
SD405Q1000_3,SD405Q1000,0.6925095236168796,0.13125279999999862,Q1000,D405
SD405Q1000_4,SD405Q1000,0.6921133253262147,0.1335753999999838,Q1000,D405
SD405Q1000_5,SD405Q1000,0.6997033204030081,0.12476159999999936,Q1000,D405
SD405Q1000_6,SD405Q1000,0.6941550969999744,0.1310493000000008,Q1000,D405
SD405Q1000_7,SD405Q1000,0.6899133582712775,0.12151590000001988,Q1000,D405
SD405Q1000_8,SD405Q1000,0.6848943298578501,0.14365380000000982,Q1000,D405
SD405Q1000_9,SD405Q1000,0.6902532074126232,0.15711730000001012,Q1000,D405
SD405Q100_0,SD405Q100,0.7525266373481659,0.12877679999999714,Q100,D405
SD405Q100_1,SD405Q100,0.767920658987471,0.14034459999999171,Q100,D405
SD405Q100_2,SD405Q100,0.7578568145741511,0.13609639999998535,Q100,D405
SD405Q100_3,SD405Q100,0.7609535910631702,0.1356691000000012,Q100,D405
SD405Q100_4,SD405Q100,0.7547031127749864,0.1212547000000086,Q100,D405
SD405Q100_5,SD405Q100,0.7612488546860857,0.13250199999998813,Q100,D405
SD405Q100_6,SD405Q100,0.7570790579551807,0.12540279999998916,Q100,D405
SD405Q100_7,SD405Q100,0.7550087090083913,0.12244330000001469,Q100,D405
SD405Q100_8,SD405Q100,0.7443741296290097,0.13346509999999512,Q100,D405
SD405Q100_9,SD405Q100,0.7497989112359941,0.12633819999999218,Q100,D405
SD405Q10_0,SD405Q10,0.2995214866312497,0.13682319999998072,Q10,D405
SD405Q10_1,SD405Q10,0.3051517840825638,0.14181490000001418,Q10,D405
SD405Q10_2,SD405Q10,0.29943071000685595,0.1395941000000107,Q10,D405
SD405Q10_3,SD405Q10,0.2988293846385896,0.15898559999999407,Q10,D405
SD405Q10_4,SD405Q10,0.3036232877928438,0.16672669999999812,Q10,D405
SD405Q10_5,SD405Q10,0.30001657446791263,0.14588109999999688,Q10,D405
SD405Q10_6,SD405Q10,0.30146637961379386,0.1472855000000095,Q10,D405
SD405Q10_7,SD405Q10,0.3000925346826388,0.1378263000000004,Q10,D405
SD405Q10_8,SD405Q10,0.30084930282165134,0.13684689999999478,Q10,D405
SD405Q10_9,SD405Q10,0.30344283037887976,0.14265219999998635,Q10,D405
SD405Q1500_0,SD405Q1500,0.7033099382005817,0.1520751000000189,Q1500,D405
SD405Q1500_1,SD405Q1500,0.7111641653058708,0.13578830000000153,Q1500,D405
SD405Q1500_2,SD405Q1500,0.7088098569531428,0.13036420000000248,Q1500,D405
SD405Q1500_3,SD405Q1500,0.7046791825830111,0.18791580000001318,Q1500,D405
SD405Q1500_4,SD405Q1500,0.7068757852147546,0.14226069999998003,Q1500,D405
SD405Q1500_5,SD405Q1500,0.7010848577013837,0.14932520000002114,Q1500,D405
SD405Q1500_6,SD405Q1500,0.7066826261501012,0.1387632999999937,Q1500,D405
SD405Q1500_7,SD405Q1500,0.7164411634434429,0.16712160000000154,Q1500,D405
SD405Q1500_8,SD405Q1500,0.7095297353682937,0.1470043000000203,Q1500,D405
SD405Q1500_9,SD405Q1500,0.7062636853188118,0.142140100000006,Q1500,D405
SD405Q500_0,SD405Q500,0.6934172126877288,0.12624589999998648,Q500,D405
SD405Q500_1,SD405Q500,0.6783437185359993,0.14382910000000493,Q500,D405
SD405Q500_2,SD405Q500,0.6748622485989038,0.14266359999999167,Q500,D405
SD405Q500_3,SD405Q500,0.6892386803391656,0.15301870000001827,Q500,D405
SD405Q500_4,SD405Q500,0.6939370445958802,0.1351757000000191,Q500,D405
SD405Q500_5,SD405Q500,0.682703094781925,0.1476735999999903,Q500,D405
SD405Q500_6,SD405Q500,0.6879314461449569,0.14143509999999537,Q500,D405
SD405Q500_7,SD405Q500,0.6750144569674797,0.12867360000001327,Q500,D405
SD405Q500_8,SD405Q500,0.6922902669486741,0.13453079999999318,Q500,D405
SD405Q500_9,SD405Q500,0.6894170536600307,0.13105170000000044,Q500,D405
