Dataset id,SDG,pMSE,pMSE_time,s_pMSE,s_pMSE_time,Cluster_G_0.5,Cluster_G_0.5_time,Cluster_G_1,Cluster_G_1_time,Cluster_G_1.5,Cluster_G_1.5_time,Cluster_G_2,Cluster_G_2_time,BNLogLikelihood,BNLogLikelihood_time,GMLogLikelihood,GMLogLikelihood_time,ContinousKLDivergence,ContinousKLDivergence_time,DiscreteKLDivergence,DiscreteKLDivergence_time,KSComplement,KSComplement_time,CSTest,CSTest_time,CrCl,CrCl_time,Quality,Original dataset
SD205Q500_0,SD205Q500,0.456107450339708,0.1875507090001065,868.6500040353517,0.1766195099999095,,,5.849113393559325,176.9344490389999,,,3.787470776704761,283.9260936600001,-17.77511770277576,1.1032348590001675,-27.314598888425586,10.284793458999957,0.870322250096006,0.1332344530001137,0.927326063961122,0.2257867280000027,0.8703539823008849,0.0129395760000079,0.9696209312115194,0.0090488129999357,0.2099580255255343,10.091373103000024,Q500,D205
SD205Q500_1,SD205Q500,0.5163493837542885,0.2972150470000088,900.992675983645,0.4365055589998974,,,3.703666928145277,161.9702454650003,,,2.13003264540259,263.3921414340002,-17.867813557661915,1.023527684999863,-27.38709987545209,12.911782936000236,0.8686155745244397,0.138282786000218,0.925819222954719,0.222928740000043,0.8768015170670038,0.0116859800000383,0.9650900542718024,0.0071792290000303,0.1988895996398174,8.075874976999785,Q500,D205
SD205Q500_2,SD205Q500,0.5551863490778811,0.1775707490000968,996.6343588613904,0.3770116059999964,,,1.67230300546697,189.8998724439998,,,2.316374942169337,278.4028684130003,-17.957012441961044,0.8284093590000339,-27.64694806194484,11.045462983000109,0.8739605363109749,0.131955414999993,0.9224678198664006,0.2445491020002919,0.8697218710493048,0.0117467119998764,0.9719608250867054,0.0079427999999097,0.1872571597356474,10.58952759299973,Q500,D205
SD205Q500_3,SD205Q500,0.5170870261820136,0.2553776889999426,868.1331603765561,0.3230424980001771,,,4.910211345315078,163.12228357800086,,,3.697347696895844,281.5971378859995,-17.89213304559203,0.8035869739996997,-27.29578146970185,12.670836549000342,0.8700451860990287,0.1285025999995923,0.922809702705404,0.222152938000363,0.8735145385587862,0.0138456189997668,0.9693523637763772,0.0076304180001898,0.1814860686208864,8.893216772000414,Q500,D205
SD205Q500_4,SD205Q500,0.548268239808756,0.1640523109999776,902.3110402580636,0.2016017870000723,,,3.5872992723969173,168.4954302870001,,,2.88284366830295,307.9960939769999,-17.914843182352588,0.8441805840002417,-28.893198726435315,11.8781145439998,0.8741798521640806,0.1250683099997331,0.9290757324877856,0.2177004469995154,0.8697218710493047,0.0113574919996608,0.9655040284791896,0.0072131010001612,0.2026011103669439,8.781799004999812,Q500,D205
SD205Q500_5,SD205Q500,0.6427907521853148,0.3150300359993707,961.0628035939644,0.300599599000634,,,1.8370643534530395,147.64529874299933,,,2.643686386562025,277.18599192999955,-17.808133632835826,0.8081440870000733,-29.53305890185192,13.053674488999604,0.8763307536818504,0.1240969359996597,0.9280482892399792,0.2180379600004016,0.8763590391908976,0.0115886220000902,0.9724120768219764,0.007146480999836,0.1974008183174238,10.399502288999429,Q500,D205
SD205Q10_0,SD205Q10,3.716523299412474,0.2015904119980405,7201.632968397046,0.1876134869999077,,,8.904455954465538,185.8583493699989,,,7.494953789899269,313.43410291300097,-18.91597730676825,0.9330657089994928,-35.368940949194865,11.185854256000312,0.7050917517052242,0.1339369369998166,0.7238213072844257,0.2319043970019265,0.8003792667509481,0.0119450890015286,0.8948295425943307,0.0078051519994915,0.1927110693128052,10.191301571998338,Q10,D205
SD205Q10_1,SD205Q10,5.382926813718584,0.2014830150001216,11084.2692533846,0.1943026199987798,,,9.595132894043092,193.1209613499996,,,6.702561881679024,348.60325325399754,-18.89200784123254,0.8607327480021922,-35.82612916991348,10.43565585900069,0.7019007312763337,0.1291221139981644,0.7204216497158356,0.2253148599993437,0.8028445006321112,0.0115871199996036,0.8905675357968486,0.007091894000041,0.1954520366386481,10.204894138998498,Q10,D205
SD205Q10_2,SD205Q10,5.938426653104247,0.2124528550011746,11743.277834560153,0.2120253159991989,,,8.374716160202702,155.29877320400192,,,6.015083486539489,293.48012146399924,-18.87049972072624,1.0316068190004444,-35.84678444444972,11.936874269998953,0.7064949793318961,0.1374136750018806,0.7124968415317767,0.2197742870012007,0.7996839443742099,0.0128596340000513,0.8893580959350104,0.0074571849982021,0.1984503854851745,8.720513832002325,Q10,D205
SD205Q10_3,SD205Q10,4.183675419046583,0.2237825329975749,8029.426460242887,0.2382772599994496,,,11.33696482109901,140.92714035400058,,,8.55454745618234,262.7457602960021,-18.90265987697746,0.8373555469988787,-36.94323334941416,12.32808152099824,0.687672854436545,0.1237254199986637,0.7164016112275877,0.2298123079999641,0.7996207332490519,0.0118975740006135,0.890094206896457,0.0087036059994716,0.1952686458648912,10.54036036099933,Q10,D205
SD205Q10_4,SD205Q10,5.908493667370245,0.3539876030008599,12440.015454678409,0.3774365749995922,,,7.888499510176837,196.31067397899824,,,5.7362320173997645,317.6929141270012,-18.921913063147706,0.8563384039989614,-35.29469711551624,12.180781077000574,0.695746156783109,0.1240187240000523,0.7130802609988431,0.2255808469999465,0.8017699115044248,0.0132528110007115,0.884770419164394,0.0071344150019285,0.2050627248191721,10.75208160499824,Q10,D205
SD205Q10_5,SD205Q10,5.6582192681263965,0.3418748450021667,11246.73729214636,0.3456807110014779,,,9.534456339920052,145.580338380998,,,6.716247715790503,315.01673993700024,-18.852150355042905,0.8363770480027597,-34.70243813319542,12.833348389001912,0.693806623421759,0.1431169499992393,0.7162506058929126,0.2223506230002385,0.7958912768647283,0.0129353140000603,0.8939064851104493,0.007454015998519,0.1867169287636241,8.325741798998934,Q10,D205
SD205Q10_6,SD205Q10,3.8184227333895806,0.1324484320030023,7289.331982397808,0.2884641620003094,,,8.363332629230271,163.24647569999797,,,7.526351306164989,316.8053449250001,-18.89846594661798,0.8506393770003342,-35.11366440741504,9.603174553001736,0.707476265646805,0.1376558379997732,0.7181428043737684,0.2333917209980427,0.7996839443742099,0.0148551370002678,0.8909581092954901,0.0076345419984136,0.2099683021148,10.347936203001154,Q10,D205
SD205Q10_7,SD205Q10,5.6518777882321904,0.1815512809989741,10238.28432878498,0.2033974790028878,,,8.926827347620058,208.25404090699885,,,5.721084019164897,287.56489705199783,-18.9887323498394,0.809602569002891,-37.22787186134418,11.06751178400009,0.7012953293271177,0.1736335259993211,0.71799505459204,0.2462506830015627,0.8005056890012642,0.0120635370003583,0.8841351882087636,0.0080195639966405,0.19184720302924,10.172124706998147,Q10,D205
SD205Q10_8,SD205Q10,5.238078859218831,0.1980437390011502,10214.77255530417,0.1998930650006514,,,8.797931102541629,167.4205978179998,,,6.355279998391274,313.3806845359977,-18.80096711123788,0.8184726829967985,-35.72226644126877,12.500468992999233,0.6915128978523354,0.1249988549971021,0.7243295154747638,0.2192299529997399,0.8004424778761062,0.0116975359997013,0.8928214246277355,0.0073571380016801,0.2031394643686254,11.586015033000876,Q10,D205
SD205Q10_9,SD205Q10,4.238855952324433,0.2436555300009786,7603.933573710806,0.228621333000774,,,9.775731175507651,163.96252318400002,,,6.69285567286033,301.0531553530018,-18.871409760042337,0.9389473520059256,-35.22672513958326,11.241255649001689,0.69210052742055,0.1486963489951449,0.7202611555362103,0.2542345910042058,0.8014538558786345,0.0129851520032389,0.8931442819023493,0.0083613390015671,0.181979672784305,11.585798109997995,Q10,D205
SD205Q100_0,SD205Q100,0.8817284500339795,0.507694198997342,1744.7996324466349,0.2497303860000101,,,2.491753790394714,168.5753968239951,,,2.7094873585091173,344.63723642999685,-17.80528489598524,0.8175709179995465,-22.197833532829847,10.440715051001462,0.8613344629893327,0.1378827739972621,0.9334576130281212,0.2362981650003348,0.888558786346397,0.0114392510004108,0.986434406562386,0.0074835749983321,0.1894156974277111,9.720841001995725,Q100,D205
SD205Q100_1,SD205Q100,0.6087359995238288,0.2339117930023349,1250.9700684498432,0.279436076998536,,,1.99633475097767,123.00997921700036,,,2.1048135926884366,284.76727430499886,-17.78095259335648,0.8216743860029965,-22.797802743959867,12.94579604500177,0.8629429262401639,0.1265649169945391,0.932427254345073,0.2314439199981279,0.8837547408343868,0.0119336849966202,0.9861067356098993,0.0074645630011218,0.1753870811846512,8.145780303995707,Q100,D205
SD205Q100_2,SD205Q100,1.257707504172323,0.1623804250048124,1307.583510726833,0.1837014759948942,,,4.825658129800168,146.53790390399809,,,4.165181857348914,296.9965101810012,-17.79331966893841,1.1006132460024671,-24.31519140539337,11.02530537200073,0.8513258851232014,0.1235583080051583,0.9332230754446909,0.2188982350053265,0.8815423514538558,0.0112273369959439,0.985907749804675,0.007272891998582,0.2017466737032029,10.654983360000188,Q100,D205
SD205Q100_3,SD205Q100,0.6511725673356376,0.249777017001179,1240.1294035014755,0.2182574969992856,,,2.493272208305385,149.28916002000187,,,2.7647939105188475,265.01728091200494,-17.81124060024149,0.8159357949989499,-23.688652161022404,11.06984871900204,0.8543960084678239,0.1352076550028869,0.9347931024176166,0.2213440170016838,0.8814791403286978,0.0113301039964426,0.9839428033657966,0.007459252999979,0.1816232253706554,10.02445766099845,Q100,D205
SD205Q100_4,SD205Q100,0.5978217849764883,0.174948799998674,1304.6789479054078,0.2615079809984308,,,2.459260688269604,135.64978134000555,,,2.2720022573347185,292.60226720300125,-17.64158486126666,0.8541243660001783,-21.26679704402613,9.643960347006214,0.854860174888069,0.1218665359992883,0.9377873501047164,0.2246050510002533,0.8780025284450063,0.0119142390030901,0.9846445962019976,0.0075184459929005,0.1850342675847027,10.676660440003616,Q100,D205
SD205Q100_5,SD205Q100,0.7597228568535409,0.1483668400032911,1424.928111860338,0.194918465000228,,,5.355786603836686,146.20825731600053,,,4.3553362706893495,277.168613974005,-17.749320076153055,0.9392688340012684,-22.815051093798363,11.71543065100559,0.8652774576841749,0.1459852990010404,0.934374030975614,0.2484901850039023,0.884070796460177,0.0132532470015576,0.984680214556554,0.0093305570044321,0.1904294292515387,9.766109829004565,Q100,D205
SD205Q100_6,SD205Q100,0.6524371856562605,0.2371379440010059,1109.2750127653974,0.2273596550003276,,,2.112493824916277,160.27524315100163,,,1.9900138385967967,287.28744639600336,-17.87159593698563,0.818167587996868,-23.082853543721296,9.64726210200024,0.8631999251581485,0.1303039199992781,0.9357207554590468,0.227217899999232,0.8890644753476612,0.0124478569996426,0.9822156301330912,0.0076907239999854,0.1970183880042458,9.877436278002278,Q100,D205
SD205Q100_7,SD205Q100,0.9759251105960216,0.2286097060059546,1118.140573070258,0.2479430300008971,,,2.26702750116646,113.07511820999936,,,2.084266551713033,314.66885869199905,-17.81521049869445,0.7829721589951077,-23.19478951880294,12.508897354004148,0.8676906320248328,0.1434033519981312,0.93360126211836,0.221427267002582,0.8855878634639698,0.0114187770013813,0.9814710497970534,0.0071434229976148,0.1762852189812463,8.173149602997,Q100,D205
SD205Q100_8,SD205Q100,0.8428279027821244,0.1516570189996855,1322.5106985741877,0.173287227997207,,,5.177072532324365,127.87883568600228,,,3.839844992512748,264.730425998001,-17.778901918915228,0.817756233002001,-22.72945135574545,10.854287876994931,0.8653674682773116,0.1387038829998346,0.931910753910266,0.2424232210032642,0.8868520859671303,0.0123080990015296,0.9814694088196616,0.0077906129954499,0.1886062069323889,10.5339403830003,Q100,D205
SD205Q100_9,SD205Q100,0.7499323586916512,0.2418994580002618,1022.1695110669364,0.2250839789994643,,,3.3805018633441635,153.12879411999893,,,2.0927538798872223,343.0317236099945,-17.6587231262746,0.8278402830037521,-22.48594145687048,12.118969684997865,0.8623777379106973,0.1450231569979223,0.9371333551143984,0.2438913139994838,0.8880530973451328,0.0176748599988059,0.989825714010554,0.0075984409995726,0.1769934571805051,9.58317770499707,Q100,D205
SD205Q500_6,SD205Q500,0.5135244580851535,0.2202836819997173,1000.197788006339,0.231700964999618,,,2.051505816519517,130.48166394600412,,,2.458885446439658,254.53123017400503,-17.87822225325976,0.8619118560018251,-28.42271847575876,12.024968913996418,0.8719957686737371,0.1787650800033589,0.925218968127968,0.2548965649984893,0.8711757269279392,0.0128037680042325,0.9674307526012612,0.0080847860008361,0.2220534062231326,10.967951230995824,Q500,D205
SD205Q500_7,SD205Q500,0.4456534780719895,0.2092119009976158,947.1235769862552,0.1926045479995082,,,4.782386890344572,146.32207843100332,,,3.554900236400248,260.76300409800024,-17.763076049993803,0.8335489139935817,-28.332634932933924,10.81415758300136,0.881668217450202,0.1295937669929117,0.9258540968465728,0.2216276620019925,0.8706700379266751,0.0150292329999501,0.9671348205844512,0.0083705340002779,0.198738284069566,10.53135677100363,Q500,D205
SD205Q500_8,SD205Q500,0.5187809632616971,0.2220964610023656,1100.3182718916016,0.1981875240016961,,,2.101650666906221,152.83391934499377,,,2.411301132217207,304.9708113969973,-17.849105972007003,0.830121783001232,-27.91196646842562,12.85615052299545,0.8795246153012217,0.1297547100039082,0.9255984605783706,0.222567678996711,0.8753476611883692,0.0110524720003013,0.9640613036387666,0.0070224900046014,0.2101938680846254,8.443812634999631,Q500,D205
SD205Q500_9,SD205Q500,0.512688519518784,0.2593272980011534,902.3903867233548,0.2706246060042758,,,2.21862562256727,151.26005011500092,,,2.536534365173622,264.13681382899813,-17.893283214074987,0.8146001770001021,-26.131933479001773,13.211778228003825,0.8742603477524785,0.1217531809961656,0.9244631331517364,0.2182010350006749,0.8759797724399494,0.0111711049976293,0.9700220542287944,0.007117389999621,0.1975009643881133,8.763517245002731,Q500,D205
SD205Q1000_0,SD205Q1000,0.4509085633306322,0.1059669430032954,808.7509359043778,0.1540485650039045,,,4.349820989047981,172.51133371900505,,,3.904994983242229,276.0350117800044,-17.798764291104263,0.8005185969959712,-24.37206996293169,10.987239008994948,0.8859092898850799,0.1198374820014578,0.9412796127947444,0.2134658069990109,0.9029709228824272,0.0112886529968818,0.9899488884137266,0.0074412250032764,0.2503727199785409,10.047572682000464,Q1000,D205
SD205Q1000_1,SD205Q1000,0.4904198856176219,0.1819010530016385,1259.384449896082,0.3175280930008739,,,3.880204391230172,154.40590707599767,,,2.7884444586702712,275.18963073699706,-17.871771113089935,0.810259927995503,-22.82198527244345,12.751127853000073,0.8832936081954988,0.1279231589942355,0.9386436061650631,0.2265694849993451,0.9012642225031604,0.0127121730038197,0.9898800155961966,0.0084402390057221,0.2547504703034992,8.271382589002314,Q1000,D205
SD205Q1000_2,SD205Q1000,0.6445097440042719,0.2144633139978395,1100.1787650521244,0.2231425560021307,,,3.5932030954659573,155.29647387399746,,,2.5482338870806,250.53121685599763,-17.833569998980966,0.8317694459983613,-23.568080091258384,10.940561965995585,0.8888055390917434,0.1270986499948776,0.9377203898287488,0.2228883960051462,0.9085967130214918,0.0122940940054832,0.9900218377959756,0.0074038360035046,0.2319476715909926,8.726632994999818,Q1000,D205
SD205Q1000_3,SD205Q1000,0.5914101701621524,0.1494475670042447,984.5770505716532,0.1696885470009874,,,3.7267534171268686,135.49669163499493,,,3.786710363371311,321.6154094759986,-17.81723187847741,1.1282888429996092,-23.26660227999034,10.115784531000829,0.8898886138337778,0.1448614569962956,0.9405249429901668,0.2234562539961189,0.9067635903919092,0.0117215260033844,0.9957222460313048,0.0081350480031687,0.2235476437491069,9.91235675799544,Q1000,D205
SD205Q1000_4,SD205Q1000,0.6084789702672085,0.221356371002912,1230.1901669490233,0.252526404998207,,,3.818040492087512,197.2722860860013,,,2.8228904039088394,288.86507719400106,-17.723994819664377,0.8409252019991982,-22.435328514933246,11.29082877500332,0.8888789159891158,0.1765762700015329,0.9380551498377612,0.2257136589978472,0.9068900126422252,0.0113661779978428,0.9923838621639908,0.0080887419971986,0.2447293097649082,11.670938636998471,Q1000,D205
SD205Q1000_5,SD205Q1000,0.5704046408871352,0.2229983289944357,1064.912982169786,0.2587725400007912,,,2.6602563755443334,147.70716393999464,,,2.586306585672824,215.967884220001,-17.74911039203717,1.0766689849988325,-23.646987870085653,10.446358166998834,0.8885260714282881,0.1408756310047465,0.9385181510930688,0.2225177670043194,0.9033501896333754,0.0113493870012462,0.9884017679741076,0.0075871689987252,0.2456822843895071,10.46196169499308,Q1000,D205
SD205Q1000_6,SD205Q1000,0.4603495823947405,0.1363906660044449,950.667150484382,0.3286010090014315,,,5.577108004703553,150.04472181700112,,,3.509971340896119,284.0996114679947,-17.822828688682225,0.8290784850032651,-23.38147765489035,9.903173204998891,0.888870711401939,0.1342177900005481,0.9391822252180576,0.2411376680029207,0.908912768647282,0.0137044489965774,0.9919552650435104,0.0075649700011126,0.2395990689326016,10.103709041999537,Q1000,D205
SD205Q1000_7,SD205Q1000,0.573986130243159,0.1653868889989098,1355.331346967277,0.1993383650042233,,,3.3248310405209147,178.2034065780026,,,3.066606900917793,339.22955420200014,-17.809789093639342,0.8529373799974564,-23.53807506105832,13.403783128000214,0.8891381078842697,0.1268406800008961,0.9371647848198486,0.2249667920041247,0.9012010113780026,0.0114271159982308,0.9921766429476996,0.0074413110050954,0.2388591792583729,9.275723421000292,Q1000,D205
SD205Q1000_8,SD205Q1000,0.5658169815990907,0.1909810799988918,1135.4927668914463,0.1902712900046026,,,3.053116275971863,119.27188433300034,,,2.588952879955667,265.0741925609982,-17.83076148214508,0.8565334020022419,-22.85818167746376,11.050420001003658,0.8874607183212524,0.1256366259985952,0.938103714985104,0.2248529999997117,0.9051201011378004,0.0114670059992931,0.9894844670511814,0.0075669459984055,0.2202677767338128,11.518197894998591,Q1000,D205
SD205Q1000_9,SD205Q1000,0.5677195766344492,0.1695214610008406,1097.8810675730258,0.1518817650066921,,,4.75958817254678,140.08353439000348,,,3.3199080976452744,264.2738663130003,-17.785528417559632,0.8322621810002602,-24.112274837956424,12.533159468999656,0.8835032472884647,0.1281030980026116,0.9403380218504148,0.2195035480035585,0.9052465233881164,0.0113383779971627,0.9909056192261166,0.0078826899989508,0.2410733534862309,8.72944478399586,Q1000,D205
SD0Q10_1,SD0Q10,4.040384731153765,0.0352335740026319,3201.501359611849,0.0356796249980106,,,11.34928862393531,8.002404522005236,,,6.993665036203246,9.827208160000737,-18.42068074395237,1.3943477809953038,-33.60532137495679,1.4971211359952576,0.4240702707648275,0.1512507650040788,,0.001205200998811,0.7880859375,0.0085787279967917,0.8206269158604835,0.0018270739965373,0.2372881355932203,0.1760822809883393,Q10,D0
SD0Q10_6,SD0Q10,3.945177438850249,0.0372610129998065,3655.086583673334,0.0374176850018557,,,11.234226294889872,6.8835268870025175,,,7.001908161540001,8.097811346000526,-18.415284467066623,1.1271556069987128,-34.63616232747068,1.2713793800066924,0.4173656825373061,0.149342753997189,,0.0006229089922271,0.7942708333333333,0.0076540550071513,0.8206269158604835,0.0011534560035215,0.4328358208955223,0.1996964650024892,Q10,D0
SD0Q10_2,SD0Q10,4.668357501198715,0.034916709002573,3312.9731066199324,0.0372979950043372,,,11.632633916040175,5.295734635990812,,,7.797628216593944,7.438157187003526,-18.400775128827053,1.1362440249940846,-34.83425094979517,1.2542819890077226,0.4295070207355559,0.1379406049964018,,0.0005547189939534,0.79736328125,0.0084220900025684,0.8355286709303791,0.0012134830030845,0.1580381471389645,0.1689400479954201,Q10,D0
SD0Q10_7,SD0Q10,3.516625185755598,0.0347250190097838,2983.9498490970227,0.0323408960102824,,,12.82304133958188,7.353751362010371,,,9.03173669483684,7.559731822999311,-18.41921945896402,0.9598260740021942,-34.35325675178975,2.064625131009961,0.4122080101253544,0.1660662320064148,,0.0008127750043058,0.7906901041666666,0.0079793339973548,0.7994518010972201,0.0012524449994089,0.3531531531531531,0.2411203559895511,Q10,D0
SD0Q10_3,SD0Q10,3.1033192376239453,0.0391387189883971,2439.561252172695,0.0368213809997541,,,11.9293096718235,6.971282849001,,,7.75343441892137,7.732959453001968,-18.40611499893681,1.2009551509981975,-33.617696562802,1.1738964729884174,0.4382754970885515,0.1475200260028941,,0.0006413669907487,0.8024088541666667,0.0081138690002262,0.7805189894552691,0.001256657007616,0.3072,0.17754664500535,Q10,D0
SD0Q10_5,SD0Q10,4.329694805136312,0.0364669379923725,3348.472596440698,0.052455758996075,,,11.767047037119273,6.265361965997727,,,7.72773503808889,8.822624103995622,-18.4180851187667,1.1549346730025718,-33.885327145567764,1.3324045939953066,0.4134766468412011,0.1498575809964677,,0.0006954080017749,0.7877604166666666,0.0075973100028932,0.8121402425620062,0.0012175830052001,0.2939958592132505,0.1697747180005535,Q10,D0
SD0Q10_0,SD0Q10,3.844418532896752,0.0351362700021127,3963.613701592741,0.0352181620110059,,,12.390812362348775,6.382932010004879,,,7.718914582553399,8.88292834200547,-18.42068074395237,1.18366078400868,-34.829209132059525,1.2606814010068774,0.4238347727094913,0.1605823970021447,,0.0005978590052109,0.7923177083333334,0.0076179419993422,0.7826164447981434,0.0011687279911711,0.4402079722703639,0.182304326997837,Q10,D0
SD0Q10_4,SD0Q10,4.2589728510616585,0.0462015060038538,4154.336247235859,0.0493583729985402,,,13.432523467167243,5.576280550012598,,,7.750946189432574,10.654111518000718,-18.415727855763453,1.1371074149938067,-34.603959483768385,1.2298822250013473,0.4059038170596362,0.1784679480042541,,0.0008036840008571,0.7908528645833334,0.008257327004685,0.8142598846542212,0.0012479160068323,0.0830670926517572,0.1940849079983309,Q10,D0
SD0Q10_8,SD0Q10,3.742665339923738,0.0397215109987882,3180.088045713207,0.0364761090022511,,,12.806788720837986,6.009137058004853,,,6.875727814396751,7.99954939300369,-18.42068074395237,1.1493183960119495,-33.16018680098973,1.190153186005773,0.4333342346175344,0.1489360709965694,,0.0005767370021203,0.8107096354166666,0.0075039229996036,0.8870380040775143,0.0011409790022298,0.1910331384015594,0.1614895140082808,Q10,D0
SD0Q10_9,SD0Q10,4.112450533322691,0.034860578001826,3491.962846404013,0.0367086729966104,,,11.404473412335577,7.902845835997141,,,8.482460385086616,7.535425643000053,-18.419230851953813,0.939678021997679,-33.418232630956936,1.1962167419987964,0.4150136889400269,0.1516265579994069,,0.000565832000575,0.796875,0.0074749979976331,0.7637980076938369,0.0011941230040974,0.2966226138032306,0.1691777730011381,Q10,D0
SD0Q100_7,SD0Q100,5.681825066745352,0.0369298159930622,4805.215056507991,0.0370895350060891,,,12.143968050872171,5.885559774003923,,,9.746524044235745,8.463469346999773,-18.41449058300809,1.1726754219998838,-29.31561608341393,1.191149664009572,0.5261315011228824,0.1476783490070374,,0.0005646959907608,0.7413736979166666,0.0078650710056535,0.7826164447981434,0.0011989350023213,0.176,0.1718358700018143,Q100,D0
SD0Q100_0,SD0Q100,6.038557136714151,0.0355083650065353,4496.359738065527,0.0358240460045635,,,16.60415820451101,7.236314484995091,,,10.016797988797943,8.540914718003478,-18.421065530988432,1.087896033001016,-29.78605673541331,1.2692667319934117,0.5165155294909954,0.1529138290061382,,0.0005956609966233,0.7473958333333334,0.0082030949997715,0.7163596459934592,0.0012553700071293,0.411764705882353,0.18047372600995,Q100,D0
SD0Q100_3,SD0Q100,5.937339576778705,0.037154092991841,4277.469235640342,0.0394287730014184,,,12.34673224807728,8.108788869998534,,,11.46408960003244,8.792082222003955,-18.417386277278016,1.1072138150047977,-29.71090843741236,1.1901821780047612,0.5246696346932,0.1389562109980033,,0.0006637280021095,0.7472330729166667,0.0076613340061157,0.8121402425620062,0.0011555840028449,0.5230769230769231,0.1645529910019831,Q100,D0
SD0Q100_2,SD0Q100,5.720170942629902,0.0346125490032136,5517.2451793420405,0.0344807329965988,,,14.29437121210826,5.854826708004111,,,10.179495157919868,9.103220069999225,-18.41921945896402,1.596559110999806,-29.05511420917973,1.4392156649992105,0.5370326354336826,0.1478503660036949,,0.0005939269904047,0.7452799479166666,0.0080742569989524,0.7575554677356858,0.0011833979951916,0.321608040201005,0.1776982449955539,Q100,D0
SD0Q100_5,SD0Q100,6.4402960064060695,0.0347595420025754,5117.149897121465,0.0360691599926212,,,14.752092442111794,6.692781595993438,,,11.30571916684783,8.233880461993976,-18.401132864441752,1.1203158079879358,-28.95962909523568,1.2788132249988848,0.5294385811218577,0.1415979449957376,,0.0006357529928209,0.7426757812499999,0.0078097030054777,0.7931271540187986,0.0011951850028708,0.1939058171745152,0.1735074559983331,Q100,D0
SD0Q100_1,SD0Q100,6.837307251932578,0.0355831199995009,5518.783702716024,0.0346396769891725,,,14.633616917694216,6.582425611006329,,,9.755942569778217,8.991140847996576,-18.42068074395237,1.0839488029887434,-29.64114431527551,1.2487807939905906,0.5127447859305817,0.1427049219928449,,0.000583781991736,0.7403971354166666,0.0075111579935764,0.7368630282191522,0.0011750229896279,0.3273322422258592,0.1565752390015404,Q100,D0
SD0Q100_6,SD0Q100,6.01918864610404,0.0358910509967245,5167.642730447293,0.0347874560102354,,,12.457535347414128,6.331797632999951,,,11.038156235523193,8.528275542004849,-18.41060218531137,0.8614369690039894,-29.262746116268985,1.3253865230071824,0.5370608631617204,0.1398888280091341,,0.0005880639946553,0.7314453124999999,0.0075190459901932,0.7637980076938369,0.001173224998638,0.4364161849710982,0.2016821689903736,Q100,D0
SD0Q100_4,SD0Q100,4.975887601158444,0.0345910909964004,3908.9805685474894,0.0375023030064767,,,13.685170397197206,6.837905749998754,,,8.690151604801308,7.822932625989779,-18.408841404060748,1.113041404998512,-29.301551330873394,1.647114833991509,0.5408932470145127,0.1496442820061929,,0.0005761869979323,0.7434895833333334,0.0074315420060884,0.7637980076938369,0.0011738519970094,0.4650455927051671,0.2056501720071537,Q100,D0
SD0Q100_8,SD0Q100,5.565180399715653,0.0535811970039503,5361.447414014899,0.0396084880048874,,,14.389418776910473,6.068358774005901,,,10.77325148669976,9.339612203009892,-18.41093666943272,1.1090803849947406,-29.753751362497315,1.2174937550007598,0.5190852151523035,0.1490915680042235,,0.000667064989102,0.7377929687500001,0.0075189099879935,0.8121402425620062,0.0011486859875731,0.3500866551126516,0.1782520510023459,Q100,D0
SD0Q100_9,SD0Q100,5.623465627957097,0.0341566559945931,5088.531905178622,0.0338321100134635,,,11.051467753194345,8.247520898992661,,,10.158238641192378,7.80426299800456,-18.409592929635924,1.0972567930002697,-29.36117368429148,1.1835302809922723,0.5251770724985011,0.1438139239908196,,0.0006770100007997,0.7392578125,0.0076287300034891,0.7286382271174949,0.0011830270086647,0.2325581395348837,0.1722579759953078,Q100,D0
SD0Q500_7,SD0Q500,0.8047527499854412,0.0353197229997022,623.4922113983529,0.0349729849986033,,,4.878151904023928,6.399302881996846,,,3.319174076548563,8.272745357011445,-18.42068074395237,1.1706415849912446,-29.736145304300667,1.3030058559961617,0.5389579325561474,0.1490103310061385,,0.0006210849969647,0.85205078125,0.0074415800045244,0.962959188070902,0.0011849770089611,0.1893491124260355,0.1692368759977398,Q500,D0
SD0Q500_0,SD0Q500,1.0204036464446586,0.0353009399987058,956.6587152991702,0.0351425370026845,,,4.451646323298269,7.529324279006687,,,4.311733509356153,9.137017693006785,-18.414809751917925,1.223659487994155,-28.861359601114923,1.3296422789862845,0.5395638557863751,0.1686143739934777,,0.0006850430072518,0.8605143229166667,0.0085259240004234,0.9716704462178464,0.0012424880114849,0.1651376146788991,0.2189357960014604,Q500,D0
SD0Q500_5,SD0Q500,1.1628378308165397,0.0332073829922592,997.2593194514396,0.0375078509969171,,,4.597014751753428,8.258373899996514,,,3.906992506682249,7.943732886007638,-18.41282404359092,1.168315918999724,-28.98610529149009,1.255272310008877,0.5481172357952275,0.1413216569926589,,0.0005542370054172,0.8489583333333334,0.0074052010022569,0.9869226584392448,0.0011496740044094,0.0733333333333333,0.1885594949999358,Q500,D0
SD0Q500_1,SD0Q500,1.2113865547953586,0.0316142469964688,944.8253779766304,0.0308666419878136,,,6.498144654840607,6.530824486995698,,,4.435267796697571,12.278003311992506,-18.39676664474926,0.9453347689996008,-28.702388012519204,1.195355998002924,0.5282745989152121,0.1373509969998849,,0.0006492280081147,0.8463541666666666,0.0079105619952315,0.9912815554244072,0.0011926309962291,0.1677419354838709,0.1670076979935402,Q500,D0
SD0Q500_2,SD0Q500,0.8148177529916172,0.0349362880078842,796.4457086979362,0.0339255099970614,,,4.921390284549965,7.033596950001083,,,3.3786491396202094,8.503043500997592,-18.391604926236955,1.1413584870024351,-29.13430288466104,1.20980575599242,0.5347918660671257,0.1408822609955677,,0.0005876710056327,0.8618164062499999,0.007580796998809,0.9694922741174132,0.0012137809972045,0.0622837370242214,0.1721928750048391,Q500,D0
SD0Q500_3,SD0Q500,0.9843414780091632,0.0386591739952564,789.5543560241962,0.0361649249971378,,,5.275195917117831,6.528263601998333,,,4.117811885374386,8.803976341005182,-18.409143429121777,1.1452447829942685,-28.31986064344635,1.263347138999961,0.5515551681876611,0.1413738880073651,,0.0005875490023754,0.8569335937499999,0.0074365769978612,0.9912815554244072,0.0011540379928192,0.1538461538461538,0.1974380940082483,Q500,D0
SD0Q500_4,SD0Q500,0.8376393831982144,0.0341248469921993,712.0718956873296,0.0325927509984467,,,4.791935418878722,7.772557500007679,,,3.953308253623309,7.87280701599957,-18.40902161541864,1.4076715069968486,-29.13835358979037,2.135356299011619,0.5383712284912454,0.1573127180017763,,0.0006163039943203,0.84716796875,0.0075146519957343,1.0,0.0010612240002956,0.0878378378378378,0.1639238030038541,Q500,D0
SD0Q500_6,SD0Q500,0.8010265874126088,0.0342562360019655,872.5220280792482,0.0321338990033837,,,5.528658285245793,5.919930592004675,,,3.661352353098975,9.648571539990373,-18.41411139334225,1.1684275479929056,-29.28892109209806,1.2022175609890835,0.5244603001022797,0.1344472570053767,,0.0006196250033099,0.85888671875,0.0074515339947538,0.9803850854753778,0.0012113959965063,0.28328611898017,0.178795365995029,Q500,D0
SD0Q500_8,SD0Q500,0.821752858990582,0.0352630900015356,977.053932617988,0.0349161390040535,,,4.700636329630273,8.998147799007711,,,3.9489208730867023,9.088161316001788,-18.41469944336547,1.1588472830044338,-28.949472263978294,1.2382025319966488,0.5341722295583385,0.1441056500043487,,0.0006008849886711,0.8575846354166667,0.0073758549988269,1.0,0.0010472099966136,0.2750716332378223,0.1839399480086285,Q500,D0
SD0Q500_9,SD0Q500,0.9534677448616752,0.0351458389923209,804.7304542340632,0.0323708380019525,,,6.210772548696336,6.162012266999227,,,3.607418329709008,7.581845085005625,-18.41698077605736,0.9543586770014372,-28.766828456522845,1.2420634880108992,0.5248925366252223,0.1661110690038185,,0.0005676319997292,0.84375,0.0076188700040802,0.9869226584392448,0.0012444149906514,0.2349397590361445,0.1847150649991817,Q500,D0
SD0Q1000_3,SD0Q1000,0.7095637878408044,0.0519942380051361,633.168615072187,0.0406059230008395,,,2.706079393189537,7.088874612003565,,,1.903380405171016,9.051007750997089,-18.411767650862075,1.163451263011666,-29.61474861465729,2.0503208590089343,0.5786928361887866,0.1555827999982284,,0.0006888960051583,0.8662109375000001,0.0077048209932399,0.9281687078892816,0.0011968710023211,0.4987654320987655,0.2177407850103918,Q1000,D0
SD0Q1000_5,SD0Q1000,0.5324079739443821,0.0741432559880195,372.96550820855873,0.0664610859967069,,,2.2264746401028463,8.488513190997764,,,1.8768948184573369,8.363768455004902,-18.42068074395237,1.1814116040040972,-28.150000022095785,1.1936217970069265,0.6027825730570989,0.1508947879920015,,0.0005999079876346,0.8802083333333334,0.0073847379971994,0.9216587390439286,0.0011443419934948,0.5176470588235295,0.2085002370004076,Q1000,D0
SD0Q1000_0,SD0Q1000,0.4911701742901566,0.0357056619977811,590.0183207522139,0.0369957100047031,,,3.000135083425465,6.914352881998639,,,2.1053065846216183,9.188517533999402,-18.39524135932484,1.1861211970099248,-28.741543443563007,1.2180246050120331,0.5757498428095803,0.1419147020060336,,0.0005689849931513,0.8763020833333334,0.0075115229992661,0.9368560756384736,0.0011430020094849,0.5107398568019094,0.1755834950017742,Q1000,D0
SD0Q1000_6,SD0Q1000,0.5670050185309179,0.0350089880084851,435.34193272572327,0.0341034100129036,,,1.9799561153541911,7.807131720997859,,,2.008837054725567,7.857078132001334,-18.40287667033129,1.2028142030030722,-28.16034982407848,1.344199369996204,0.5975690431876564,0.1447238700056914,,0.0005744840018451,0.8748372395833334,0.0073993389960378,0.9281687078892816,0.0011356110044289,0.4901960784313725,0.1640158730006078,Q1000,D0
SD0Q1000_1,SD0Q1000,0.4997492853730931,0.0365747329924488,457.5469728390237,0.0354297910089371,,,2.6251934469968967,6.449922063999111,,,1.6094291023364562,8.76214427499508,-18.41820705877862,1.185918806004338,-28.88658961291712,1.3997393640020164,0.5912506934977942,0.1844406919990433,,0.0007260809943545,0.8662109375,0.0097178120049647,0.9651366288188932,0.0015513660036958,0.5188679245283019,0.2367519910039845,Q1000,D0
SD0Q1000_4,SD0Q1000,0.5900777462664698,0.0467330540122929,494.8560000579666,0.0407271289877826,,,2.331245355115708,9.945397834992036,,,1.906877263882581,11.49453318900487,-18.40563948666202,1.249896554989391,-28.96254353923788,1.4781351989950051,0.5831253986307372,0.2025721069949213,,0.0008054900099523,0.8717447916666666,0.0102075770118972,0.9412026453319264,0.001723890993162,0.5471264367816092,0.2501886579993879,Q1000,D0
SD0Q1000_2,SD0Q1000,0.6237023045767074,0.0570810770004754,658.9164601938814,0.051095605987939,,,3.0444889938879083,7.912713925004937,,,2.518182263298255,12.396109295004862,-18.40910077701276,1.2303120069991564,-28.69330435408065,1.171120677012368,0.6013553599491371,0.1497261119948234,,0.0006248850113479,0.8741861979166667,0.0075825149979209,0.9021620287128638,0.0011711900006048,0.5059665871121718,0.1874790930014569,Q1000,D0
SD0Q1000_7,SD0Q1000,0.694151982903978,0.0354019509977661,688.7200593967365,0.0355231830035336,,,2.54536154354066,8.91141643699666,,,2.0563808277155857,7.581945867001195,-18.41224448982329,1.215448966002441,-28.755412855020865,1.2113276750023942,0.5808361498828678,0.1435645489982562,,0.0005406760028563,0.8748372395833334,0.0076468939951155,0.9542523493969912,0.0011388820130378,0.536697247706422,0.1743183720100205,Q1000,D0
SD0Q1000_8,SD0Q1000,0.5599036815050925,0.0367778619984164,487.1487859773795,0.0347776150010759,,,2.6575283880443235,8.763003878004383,,,1.8117211911598083,7.708714353007963,-18.42068074395237,1.190729398993426,-28.63372410605459,2.0151891540008364,0.5853012814550057,0.142432277003536,,0.0005631880048895,0.8745117187499999,0.0072693679976509,0.9520764518089532,0.0010790440137498,0.5240384615384616,0.1782197330030612,Q1000,D0
SD0Q1000_9,SD0Q1000,0.4783928631934485,0.0393439930048771,542.2719810022985,0.0471654340071836,,,1.7136412932146814,7.893809840999893,,,1.5909680008726184,6.753771720002987,-18.41539264305227,1.193319739002618,-28.38092765406914,1.409806686002412,0.5783317216181463,0.1601925620052497,,0.0006669589929515,0.880859375,0.0076559550070669,0.9651366288188932,0.0011897160002263,0.5578231292517007,0.185696979999193,Q1000,D0
SD1Q10_0,SD1Q10,13.538530511304804,0.0762718259938992,13545.431624321329,0.0943562210013624,,,16.17045868949743,11.918111498001965,,,10.0524308020492,20.3245656920044,-17.958158607638364,0.1854875150020234,-10312.982243719169,1.2468910120078365,0.2338219724693357,0.0330933039949741,0.5330709568810772,0.0344784510089084,0.6004489337822672,0.0045233309938339,0.6328504772412954,0.0030748749995836,0.2158323770403515,1.4084431919909548,Q10,D1
SD1Q10_2,SD1Q10,15.093849077332369,0.0736257630051113,13638.310932004995,0.0707633519923547,,,9.763861110313238,10.190459096003906,,,6.325386655473917,21.338882508993265,-17.897434861601166,0.1885018050088547,-110661.92975566762,1.1711819839983946,0.2398506643124191,0.0340762239939067,0.529127976174008,0.0343198880000272,0.6032547699214366,0.0070686520048184,0.6492042352698685,0.0035794860013993,0.247221469497671,1.4373752149986103,Q10,D1
SD1Q10_7,SD1Q10,14.672499910965296,0.084739019992412,14247.857912726162,0.079935536996345,,,10.734360378458655,11.812527349000447,,,7.410941767487699,18.72047204599949,-17.91123523671747,0.1879879110056208,-163.98821395106816,1.194335355001385,0.2450985346418787,0.0364731770096113,0.5211515867381651,0.0346505839988822,0.6029741863075196,0.0045735830062767,0.6232846890962753,0.0031543020013486,0.1572031707490086,1.3956619600066915,Q10,D1
SD1Q10_4,SD1Q10,15.665559186797882,0.0932464340003207,16840.457089259988,0.0915435269998852,,,9.14884933462958,11.363374046006356,,,6.474083563621201,19.42893623700365,-17.923336503254028,0.1903353140078252,-85752.92284021128,1.19348515899037,0.245133696493842,0.0346255369950085,0.5271936246228368,0.0356235840008594,0.6026936026936027,0.0047630639892304,0.6179074256840472,0.0044284489995334,0.2349022628222267,1.4074237009917852,Q10,D1
SD1Q10_6,SD1Q10,12.68296178346355,0.0614132600021548,11344.758989943171,0.0753831410111161,,,15.69955976794131,21.524680410002475,,,10.984228960134306,22.55212246999145,-17.987928519778833,0.1876879060000646,-97.29433569909402,1.5056342379975831,0.2472589604271025,0.0369744149938924,0.5254271881477981,0.0377999890042701,0.6049382716049383,0.0047185349976643,0.6226819890612297,0.003604486992117,0.3933313088254455,1.4184750400017947,Q10,D1
SD1Q10_5,SD1Q10,16.181951828837946,0.0740009809960611,13799.176198058583,0.081618320007692,,,10.28785350474866,14.827781969011994,,,7.201816847715353,18.31883651101089,-17.92807446785221,0.191132073989138,-79428.63092808558,1.164826759006246,0.2370213503980905,0.0323844919912517,0.5242734738241843,0.0340780359983909,0.6018518518518519,0.0044978640071349,0.6310063811441872,0.0030433809879468,0.1901496643863089,1.415618655999424,Q10,D1
SD1Q10_1,SD1Q10,14.386007055461278,0.0969261740101501,15555.638759716132,0.0776254820084432,,,9.932626650457165,8.7207568520098,,,6.858066884749469,17.73080854100408,-17.845374015260127,0.2020908449921989,-234893.75444626925,1.6934543889947236,0.2398738493767027,0.0394881899992469,0.5195575696647412,0.0355729259899817,0.6029741863075195,0.0050890560087282,0.6000723073604357,0.0032205030001932,0.3568293820269437,1.6426779650064418,Q10,D1
SD1Q10_3,SD1Q10,13.72536431031107,0.0921953460056101,15203.904945328664,0.0878244969935622,,,10.39642116274415,9.05167265899945,,,7.670704011691293,23.67371168700629,-17.931274864541834,0.1904069640004309,-106718.49324849035,1.3336358230008043,0.2352234430394586,0.0347833160049049,0.539368425605088,0.0359536969917826,0.5951178451178452,0.005122675007442,0.6508498999730786,0.0035190769995097,0.2193709135300275,1.7824686039966764,Q10,D1
SD1Q10_9,SD1Q10,15.921793666653222,0.1422825609915889,14537.921987812526,0.1618229070008965,,,9.352684713510763,9.789351008002996,,,7.847260621763486,17.60655312000017,-17.961882990738758,0.1863899449963355,-101.38549540007767,1.1916033180023078,0.2431851480924969,0.0336390550073701,0.5379435147170137,0.0337418129929574,0.5965207631874299,0.0044749219960067,0.6335163796795102,0.0030667149985674,0.2502138933877152,1.4655503690009937,Q10,D1
SD1Q10_8,SD1Q10,15.589331780540222,0.0522422170033678,14156.17255155343,0.057034540004679,,,17.130491533000598,20.12218388200563,,,10.482269964094318,19.046487054001773,-17.822656623812215,0.193889318004949,-201569.81057888948,1.4579434339975703,0.2370336980047558,0.0346254689939087,0.5254213683906162,0.0355543039913754,0.5883838383838383,0.0049204820097656,0.6427609169637823,0.0035384609946049,0.1415551679580771,1.4686181750003016,Q10,D1
SD1Q100_1,SD1Q100,0.980282210104899,0.0834571050072554,930.7101214232056,0.0846461710025323,,,4.924413908219505,11.018782503000692,,,3.942572675732899,14.128823562990874,-12.318679177760258,0.1977215480001177,-749.4871134914497,1.6664660239912337,0.6854702602033996,0.0308404319948749,0.8033726520583899,0.0357330190017819,0.8344556677890012,0.0044664739980362,0.9406483867646578,0.0030992569954833,0.3164093805322546,1.4598791200114647,Q100,D1
SD1Q100_5,SD1Q100,0.7919869231820164,0.0953553759900387,990.366094470058,0.0881689850066322,,,4.157142457946876,9.181377931992756,,,2.6634286506107774,22.805696611991152,-11.90628082397435,0.2073147599876392,-0.0614264292977384,1.798876699001994,0.7114247099995731,0.0349225480022141,0.8242481013436656,0.0378578259987989,0.8265993265993266,0.004538794994005,0.9343359785352716,0.0032665339967934,0.3928594045475635,2.2136465960065834,Q100,D1
SD1Q100_6,SD1Q100,0.7310899873298147,0.0671663220127811,865.0976380034433,0.0763580769998952,,,9.40747464934742,11.8397068290069,,,5.811398106084166,14.927272910004833,-12.436317620006918,0.2753479950042674,-0.1592255687525568,2.088482412000303,0.6916347968189512,0.0371245389978867,0.8015450782455151,0.0373324819956906,0.813973063973064,0.0051316049939487,0.9404645375892372,0.0033556349953869,0.3816590924535731,2.22920260099636,Q100,D1
SD1Q100_2,SD1Q100,1.3614157827275304,0.1477968550025252,740.8384320346998,0.1285504690022207,,,3.793694233939164,9.783462298000812,,,3.084060164972227,20.03356154100038,-11.992346470834796,0.1921489340020343,-1.882916573878625,1.1910817059979308,0.7083333791222005,0.0363447169947903,0.8107260338424048,0.0356305409950437,0.8282828282828283,0.0044888409902341,0.96287754726328,0.0031069489923538,0.3767139575050395,1.3617086290032605,Q100,D1
SD1Q100_3,SD1Q100,0.6926890569189506,0.0911356330034323,743.100938900553,0.091949569992721,,,4.342521488616033,11.666561171005014,,,3.1927923561928937,18.21781194099458,-12.321747433483916,0.1961303280113497,-4.457941673824242,1.1937447680102196,0.6379975779560448,0.035176538003725,0.8102944209342787,0.0357105069997487,0.8254769921436588,0.0045563809981103,0.9472760728386092,0.0031419709994224,0.3940771727422354,1.4045108150021406,Q100,D1
SD1Q100_7,SD1Q100,0.7616208836036054,0.0696674640057608,627.5235226111454,0.0779889969999203,,,7.7739261926389,13.983000548993004,,,4.350722092755629,16.633357391008758,-12.067979634823024,0.2028558180027175,-5.081933665435683,1.3581965550110908,0.6758497072096045,0.0369043749960837,0.8222375768601673,0.0371672339970245,0.8288439955106622,0.0058331869950052,0.9504553626432932,0.0036291400028858,0.3645850753916039,1.3954850580048517,Q100,D1
SD1Q100_0,SD1Q100,1.212670915002675,0.0840249629982281,806.6055285547783,0.0841877389902947,,,5.517343210305456,10.914547588996356,,,4.003776150952477,17.6352889569971,-12.485988057788012,0.2102495110011659,-0.747066591782921,1.6061565709969727,0.726121539596102,0.034671335000894,0.8088822455457454,0.0353825180063722,0.829685746352413,0.0044079990038881,0.930705588558718,0.0031511850102106,0.4046048554096806,1.793660886993166,Q100,D1
SD1Q100_4,SD1Q100,1.2027774870080723,0.1160702930064871,719.5644501963578,0.0987294560036389,,,5.711903771134975,10.332140892001917,,,3.828493781956022,21.186685367996688,-12.05988367452457,0.202958084992133,-2.188263086923385,1.7784607659996254,0.6650555771712089,0.0402334039972629,0.8018412399970346,0.0356586039997637,0.8198653198653199,0.0049467569915577,0.923798861484955,0.0034290059993509,0.4144626673364375,1.68217138700129,Q100,D1
SD1Q100_8,SD1Q100,0.806377355116798,0.0833944199985126,962.7701370608676,0.1103734409989556,,,7.797363496242418,10.760149223991904,,,5.0351415924937255,17.75804668800265,-12.1502454510103,0.2611042759963311,-2.617636905413592,1.464281414999277,0.6650714304414711,0.0349604539951542,0.8149074683506136,0.035388113989029,0.8159371492704826,0.0046484520134981,0.9486280601676608,0.0031949249969329,0.3762034242326867,1.402846734999912,Q100,D1
SD1Q100_9,SD1Q100,0.8014026945105917,0.0898346530011622,676.2441292783128,0.0873630360001698,,,4.042521103564971,9.042740823002532,,,3.9494235505171593,18.29914480399748,-12.294174942725254,0.1995685799920465,-4.443085505004803,1.7980178149882704,0.6592113620987264,0.0368880339956376,0.8046969795762781,0.0368394410033943,0.8383838383838385,0.0046347590105142,0.9347709872315446,0.003498820005916,0.2653182111246637,1.385788113009767,Q100,D1
SD1Q500_5,SD1Q500,1.6260530564273077,0.0873338300007162,1631.77042245955,0.0886959360068431,,,5.012718518155078,11.844376692009972,,,4.390046329592911,19.72146600800625,-14.23109194946759,0.1988075129920616,-4745.19324093207,1.5059127670101589,0.5055786445724485,0.035920584006817,0.8093462866367981,0.0348760930064599,0.7718855218855218,0.0046525630023097,0.9220712834453568,0.0031538650073343,0.3287624399019091,1.4034319810016314,Q500,D1
SD1Q500_1,SD1Q500,2.231545202597476,0.099498941010097,2089.7101435750383,0.115058292998583,,,5.52663769095911,9.374524900995311,,,4.331601080165383,22.1245884240052,-14.081284106771268,0.2270109929959289,-4.723984130508307,1.7943246770009864,0.5326988707273171,0.0358605639921734,0.8142611095737153,0.0363885799888521,0.7718855218855218,0.0044673320080619,0.9372871405391594,0.0031600509973941,0.3675433566633955,1.7261815469973951,Q500,D1
SD1Q500_0,SD1Q500,1.3991432398064685,0.0925595250009791,1697.1202058554495,0.092001363998861,,,7.7345011750289245,10.619174131992622,,,5.068134607242005,18.04452145700634,-14.001758234557627,0.2091973600035999,-5.960026388363066,1.567592338993563,0.5311649869746204,0.0437843609979609,0.8210511347215881,0.0355020629940554,0.7842312008978675,0.0046478049916913,0.9400252159650176,0.0034209610021207,0.3892895114509627,1.426450108003337,Q500,D1
SD1Q500_6,SD1Q500,2.288899879746534,0.07990123500349,1710.6278179372605,0.0817060340050375,,,4.476068797022226,12.139811603003182,,,3.863947334485736,20.220829499987303,-14.086300462914451,0.2004366869950899,-950.5696294407984,1.2329686939920066,0.5199217634788953,0.0325023210025392,0.8167125670938787,0.0365605509869055,0.781705948372615,0.0044930430012755,0.9304292787496368,0.0032706600031815,0.3801960110018671,1.4799121149990242,Q500,D1
SD1Q500_7,SD1Q500,1.3210568008622976,0.0959984670043923,1358.4798820670987,0.0941032030095812,,,4.746474792027627,12.269773164996876,,,3.826189716259304,17.729608321998967,-13.890476223606946,0.198858089002897,-11609.921581303532,1.250076379001257,0.5455679907464579,0.0348584019957343,0.8227542231377584,0.0366225480102002,0.7892817059483725,0.0049953170091612,0.9584572810543,0.0036864650028292,0.3233980149381011,1.4866513629967812,Q500,D1
SD1Q500_3,SD1Q500,1.831347592296161,0.0808287730033043,1275.6262451961588,0.0771894120116485,,,10.034432645981616,15.013051895992248,,,5.634281650770267,17.138834425000823,-13.78555502006676,0.2079640239971922,-34.73504555953339,1.4101297549932497,0.5464738810635051,0.0350632399931782,0.818021497348546,0.0362084650114411,0.7859147025813692,0.0045850549940951,0.9438378674356864,0.0032370289991376,0.301797152673437,1.4294342290086206,Q500,D1
SD1Q500_2,SD1Q500,1.485262537449383,0.0857953790109604,1550.2029080657808,0.0868449920089915,,,4.1289003750605335,9.606022552994546,,,3.462515691701113,17.87070668899105,-14.287940322229616,0.2058828790031839,-5.88141024669035,1.3438715359952766,0.5267304192845778,0.0326362839987268,0.8108016898089581,0.0350464749935781,0.7839506172839507,0.0051587330090114,0.9442899215571954,0.0032727139914641,0.3373104632877125,1.3784104629885403,Q500,D1
SD1Q500_4,SD1Q500,1.849816397594923,0.0884471729950746,1848.9081723836605,0.0892550819989992,,,5.067140630164448,10.698127292009303,,,3.505504617824684,17.810439296008553,-13.939907338700772,0.2117097219888819,-13.4978031827034,1.9193016280041773,0.5302765734300144,0.0360220259899506,0.8193095719124319,0.0373955530085368,0.7805836139169473,0.0045246700028656,0.9357920323248629,0.0034890259994426,0.3777621899359942,2.265905173990177,Q500,D1
SD1Q500_8,SD1Q500,1.7541209861587013,0.1052741190069355,2731.405335993867,0.1158214189927093,,,4.311677408088544,9.03461467800662,,,3.792017857351212,19.860532177001005,-14.239343459745267,0.1996617330005392,-5.593275401772492,1.23187770700315,0.504721449055639,0.0334097680024569,0.81485280455555,0.0345050659961998,0.7690796857463524,0.0045147299970267,0.9279102893534732,0.0031410649971803,0.1262284600401319,1.4382542749954157,Q500,D1
SD1Q500_9,SD1Q500,1.7078372244078337,0.0621589299989864,1324.046374931338,0.073059935006313,,,7.217562341682812,11.797209666998242,,,5.405591198925892,15.734279766009422,-13.759439346677247,0.4997838999988744,-9.438101853867895,1.3775182389945255,0.530185128664246,0.0385889489989494,0.8256153899881997,0.0367989259975729,0.7811447811447811,0.0047886729880701,0.935799597183094,0.0032474320032633,0.3179771181790569,1.4526069190033013,Q500,D1
SD1Q1000_0,SD1Q1000,0.5121167048657647,0.0863711760030128,543.0520159564308,0.085175436004647,,,4.29966388891257,12.418637508002575,,,3.3407562132183943,17.546039485998335,-13.04056363275788,0.1988665059907362,-1.425112582737387,1.5950109279947355,0.731412352667419,0.0361925780016463,0.8149603911071918,0.0385407150024548,0.8947811447811448,0.0046478820004267,0.9152279309015569,0.0033077589905587,0.4373039804241125,1.406667325005401,Q1000,D1
SD1Q1000_1,SD1Q1000,0.607754712857109,0.0940627820091322,572.5856965144602,0.0968536419968586,,,2.9363650639545624,13.968763587006832,,,2.515139270200832,17.190990203991532,-12.897787220424624,0.2092917380068684,-1.870102390178464,1.174062877005781,0.7081398069067247,0.0332602859998587,0.8348496617679032,0.0358061750011984,0.8891694725028059,0.0044474999886006,0.9245822565715748,0.0032278389990096,0.4741257431563978,1.4178381899982924,Q1000,D1
SD1Q1000_2,SD1Q1000,0.484772537690765,0.0970882779947714,424.774247362032,0.1307220410089939,,,2.7430529215549866,8.650482972996542,,,1.958258946677732,21.09614667399728,-13.031403292111117,0.2032096479961183,-2808.503839742773,1.92127554200124,0.696999288784411,0.0361452960059978,0.8332037466943953,0.0359652309998637,0.9001122334455668,0.0046109849936328,0.9202348654133936,0.0034010630042757,0.4629767514944317,2.232587609993061,Q1000,D1
SD1Q1000_3,SD1Q1000,0.5494182857440864,0.0647617399954469,515.1507568094676,0.1546531519998097,,,5.443243549325391,13.1240277679899,,,3.31532481570404,18.607407286996025,-13.236396558513391,0.2086335450003389,-2.394153600468844,2.101731237999047,0.7133151062129484,0.0468148330110125,0.8187015344802809,0.0403118299873312,0.90347923681257,0.0051602330058813,0.922853456413134,0.0039118290005717,0.4812820241807958,2.2399116739979945,Q1000,D1
SD1Q1000_4,SD1Q1000,0.468066332852333,0.1474935940059367,658.4358573249704,0.1412384300056146,,,3.1410547581284245,11.442826918006176,,,2.3641781883356128,19.9655395699956,-13.283605272678347,0.1968622580025112,-1873.041267832139,1.1903374050016282,0.7442753044162989,0.0348000159865478,0.8258656214039153,0.0369228959898464,0.8922558922558922,0.0045909529872005,0.9367698679582246,0.0033366870047757,0.2040830780108313,1.4199614060053136,Q1000,D1
SD1Q1000_5,SD1Q1000,0.6364540133060212,0.0989058630075305,395.70614535350495,0.0948676050029462,,,3.385707010861899,10.332246400997974,,,2.760499632042448,17.421713711999473,-13.217566349823354,0.1940551150037208,-4115.964144902485,1.2085145330056548,0.7395486013456,0.033413554992876,0.8157768336772179,0.0361296799965202,0.8978675645342313,0.0046796780079603,0.9295379322387975,0.0031225999991875,0.3142815266189573,1.462128961997223,Q1000,D1
SD1Q1000_6,SD1Q1000,0.6457989623566786,0.1291653420048533,493.9754227253508,0.0978497059986693,,,3.450539265537562,9.090587668993976,,,2.30993281981573,23.18735801600269,-13.337094990870469,0.1997113219986204,-2626.705051316452,1.1721520900027826,0.7241003189076064,0.0329534280026564,0.8065806937545663,0.035112929996103,0.8984287317620652,0.00436081099906,0.9217625934094784,0.0033463809959357,0.4014588134758455,1.4081477710133186,Q1000,D1
SD1Q1000_7,SD1Q1000,0.5206460694629863,0.0856901690131053,708.2126515036965,0.0805072479997761,,,3.434417002487907,11.772235306998482,,,3.1270620806918417,17.60175694798818,-13.019150838041403,0.2345699510042322,-1.911199545277969,1.4404557719972215,0.7451356224900745,0.035499069999787,0.8316875813496244,0.0377738170063821,0.8967452300785634,0.0080727330059744,0.929588775195836,0.0044463789963629,0.4173367898799731,1.4439176309970208,Q1000,D1
SD1Q1000_8,SD1Q1000,0.6399210353166518,0.0882775429927278,465.7555168676975,0.0872216600109823,,,3.0594100696586395,11.385760552002466,,,2.655717640725674,19.09401548599999,-13.000710727830274,0.1933727879950311,-2.357471478287376,1.1972027890005847,0.7322514938804946,0.0328125870000803,0.813066666315245,0.0362728900072397,0.904320987654321,0.0044191960041644,0.9173498809081368,0.003161036001984,0.2376103986847971,1.3708952619927004,Q1000,D1
SD1Q1000_9,SD1Q1000,0.4654091670904911,0.0981953410082496,484.8616634966917,0.0951693020033417,,,2.968490817782966,10.635521684002017,,,2.306220646867809,16.105409798998153,-13.245444304912148,0.2045935369969811,-2.935318528126228,1.6398936259938637,0.7261157043738105,0.0371553220029454,0.8279046709506224,0.0360520490066846,0.9065656565656566,0.0045533730008173,0.9388269120011558,0.0032106209982885,0.363645997126958,1.4970491179992678,Q1000,D1
SD405Q10_9,SD405Q10,36.36320862188537,0.2734581280019483,71688.80203647759,0.2012205319988425,,,,,,,,,-18.423477255252863,1.2338798510027118,-112354413128.78612,13.50198238199664,0.5265374759610115,0.1055752550018951,0.3034428303788797,0.2157581569990725,0.7373581011351908,0.0111221159968408,0.5587549283339552,0.0080499579999013,,,Q10,D405
SD405Q10_8,SD405Q10,35.09734162073991,0.1789204000015161,72920.43624577705,0.1986160809974535,,,,,,,,,-18.42247753369018,1.2523795969973437,-98866663240.57874,11.84974286200304,0.5178575962951262,0.1063317689986433,0.3008493028216513,0.2347133029979886,0.742296918767507,0.0113929350045509,0.5512357246796319,0.0075125360017409,,,Q10,D405
SD405Q10_6,SD405Q10,35.47936739551381,0.1957362550019752,72699.8362779007,0.1907813150028232,,,,,,,,,-18.423428308028857,1.0214831850025805,-99705309857.36476,8.525327984003525,0.5336320655614663,0.1003884669989929,0.3014663796137938,0.2131979829937336,0.7444346159516436,0.0110547829972347,0.5572491739117127,0.0071522169964737,,,Q10,D405
SD405Q10_3,SD405Q10,35.36232567877586,0.2049283239975921,71922.30482275116,0.1819779919969733,,,,,,,,,-18.42068074395237,1.0410267080005724,-84885881062.74608,11.635766138999315,0.5333478351675082,0.0999031530009233,0.2988293846385896,0.2240969910053536,0.7358838272150966,0.0124081289977766,0.5547522120281756,0.0076659970000036,,,Q10,D405
SD405Q10_4,SD405Q10,39.18994274784922,0.1766070239973487,72387.48525289945,0.1602893449962721,,,,,,,,,-18.4267542188884,1.0309078979989863,-88653420206.42741,12.190145897999171,0.5309588671755068,0.097147770000447,0.3036232877928438,0.2166744559945073,0.7335987026389503,0.0136948650033446,0.5537734644131957,0.0073090699952444,,,Q10,D405
SD405Q10_7,SD405Q10,32.46805777804645,0.1673051519974251,67186.62777398765,0.2159758499983581,,,,,,,,,-18.423407657792485,1.0136957880022237,-93097589820.4682,11.927092799000093,0.5314557211823845,0.1295291880014701,0.3000925346826388,0.2216775929991854,0.7386112339672714,0.0133113609990687,0.556008630232123,0.0071078920009313,,,Q10,D405
SD405Q10_5,SD405Q10,32.937652736802804,0.1898498330047004,66551.2235896991,0.2042239250004058,,,,,,,,,-18.42068074395237,1.0219404440067592,-106534017286.11131,7.985652272996958,0.5251637405687952,0.0860268079995876,0.3000165744679126,0.2062449250006466,0.7373581011351908,0.0114863659982802,0.5552736903248825,0.0070303839966072,,,Q10,D405
SD405Q10_2,SD405Q10,35.54587025595415,0.1768861570017179,72898.3747213745,0.1827851940033724,,,,,,,,,-18.42068074395237,1.2507303989987122,-88586822461.72935,12.32562174299528,0.5310190990579328,0.1035772790055489,0.2994307100068559,0.2174851780000608,0.7385375202712664,0.011493944999529,0.562101690057902,0.007181524997577,,,Q10,D405
SD405Q10_1,SD405Q10,34.42219009020707,0.1862010859986185,66243.92781752007,0.1720271599988336,,,,,,,,,-18.420973510424304,1.0068026399967491,-102151651959.9503,12.732842862002144,0.5272449754976684,0.101990230003139,0.3051517840825638,0.208413318003295,0.7398643667993513,0.0110662310034967,0.5607675811696216,0.0070415629961644,,,Q10,D405
SD405Q10_0,SD405Q10,38.32916791656017,0.1987671620008768,65942.7318499164,0.1801699329953408,,,,,,,,,-18.422741906661543,1.034289966999495,-113729571686.81758,12.417061653999554,0.5133592093865408,0.0984584230027394,0.2995214866312497,0.2086979000014253,0.7356626861270824,0.0122606570002972,0.5511554815976262,0.0068997809939901,,,Q10,D405
SD405Q100_9,SD405Q100,0.8702497588949625,0.2761291850038105,1795.2080498571906,0.2780383360004634,,,,,,,,,-18.365879976456707,1.0402158689976204,-133733116.318151,10.765002249994724,0.8272524676682826,0.1089823599977535,0.7497989112359941,0.1904735910065937,0.7728881026094648,0.0110644290034542,0.8797653583313949,0.0070443320000777,,,Q100,D405
SD405Q100_7,SD405Q100,0.8800328140807498,0.284820631997718,1690.5478780034011,0.2903605530009372,,,,,,,,,-18.37701519143648,1.0744856450037332,-91432366.14248376,8.113310264001484,0.8157636074595812,0.1325401439971756,0.7550087090083913,0.227467657001398,0.7724458204334366,0.0142428199978894,0.882345193440373,0.0087434099987149,,,Q100,D405
SD405Q100_4,SD405Q100,0.9998229823620556,0.3513469530007569,1843.955017291248,0.3512734019968775,,,,,,,,,-18.37017997602692,1.628047443999094,-1744385924.1118927,14.14195118000498,0.8064080457722623,0.1107964949987945,0.7547031127749864,0.19633566000266,0.7683178534571723,0.0111111020014504,0.8829292166637975,0.00712577199738,,,Q100,D405
SD405Q100_5,SD405Q100,1.0037302854161316,0.2907911430011154,2111.825209532016,0.2979486249969341,,,,,,,,,-18.363027810861,1.118614823993994,-999853197.2375298,12.545287793996977,0.8160560475494745,0.1106087290027062,0.7612488546860857,0.2118310389996622,0.7666224384490637,0.0136750159945222,0.879647994689996,0.0083071850021951,,,Q100,D405
SD405Q100_3,SD405Q100,0.8779462004307049,0.2829738229993381,1968.058327786032,0.2895466799964197,,,,,,,,,-18.37896076345944,1.0839877739999793,-80193087.29105116,13.23421197800053,0.8205772274026303,0.1030847590009216,0.7609535910631702,0.1916434200029471,0.7713401149933659,0.0106967539977631,0.8809682329952733,0.0069306880031945,,,Q100,D405
SD405Q100_6,SD405Q100,0.8470128318726841,0.2783260340002016,2070.123351843464,0.2871112989960238,,,,,,,,,-18.40119196253292,1.098998114001006,-199296361.8775513,11.704195302001608,0.827383044169797,0.0896804799995152,0.7570790579551807,0.2009334079994005,0.770234409553295,0.0120014200001605,0.8796189713463813,0.0072734899949864,,,Q100,D405
SD405Q100_8,SD405Q100,0.7812912430790598,0.2790573559977929,1746.7244876119146,0.2809474850000697,,,,,,,,,-18.38048332138646,1.0630129139972269,-634380838.5876062,12.63272891700035,0.8215518840043555,0.0957552409963682,0.7443741296290097,0.1967973900027573,0.7707504054253281,0.0106228079966967,0.8806523710324791,0.0073942599992733,,,Q100,D405
SD405Q100_2,SD405Q100,0.9719959797321308,0.2896092689989018,1975.854155027892,0.2758395299970289,,,,,,,,,-18.365260685614224,1.0569035269945743,-942740414.76212,10.497558556999138,0.8121786486287323,0.1038660390040604,0.7578568145741511,0.2013614210009109,0.764779596048946,0.0113543670013314,0.8846972489995878,0.007246192995808,,,Q100,D405
SD405Q100_1,SD405Q100,0.8414937629332963,0.2770249739987775,1532.7098180592454,0.2940535039961105,,,,,,,,,-18.34893199026139,1.3061502920027124,-3644894107.961949,9.04364792400156,0.8137076099318564,0.1213871910003945,0.767920658987471,0.1885597960063023,0.770234409553295,0.0108317910053301,0.8824936322413182,0.0070323669933713,,,Q100,D405
SD405Q100_0,SD405Q100,0.9273708267494826,0.2905651580003905,1911.524284035664,0.2889317189983558,,,,,,,,,-18.383492016570965,1.0914886460013804,-690483669.3683243,11.318739768001253,0.826618973083359,0.103869926999323,0.7525266373481659,0.19804543400096,0.7784903435058235,0.0135844760006875,0.8850133684343127,0.0069769679976161,,,Q100,D405
SD405Q500_9,SD405Q500,0.8632622432531123,0.2813560760041582,1777.5715892917212,0.2906203509992338,,,,,,,,,-18.383878127015016,1.074636721998104,-19200490306.10905,12.811724088998744,0.8167858712159256,0.0950612860033288,0.6894170536600307,0.2039421100053005,0.7740675217455403,0.0109250319947022,0.876997741754404,0.0069305549986893,,,Q500,D405
SD405Q500_6,SD405Q500,0.936076032800901,0.2801266169990413,1668.680467935663,0.2724968050024472,,,,,,,,,-18.364894240330973,1.0818118290044367,-18162500695.5769,11.964045702006842,0.8144052858980844,0.075833725000848,0.6879314461449569,0.1860276699953829,0.7810703228659887,0.0106939879988203,0.8770690073934644,0.006865231996926,,,Q500,D405
SD405Q500_5,SD405Q500,0.907425226457856,0.2816307070024777,1595.986948837647,0.275848744000541,,,,,,,,,-18.364981934697017,1.0881142069993075,-16076470621.82739,11.69518297600007,0.8223306556821238,0.1134223549961461,0.682703094781925,0.2134669299994129,0.7803331859059414,0.0135184690007008,0.8742677986357754,0.0071714970035827,,,Q500,D405
SD405Q500_2,SD405Q500,0.8919867475321914,0.2876260570046725,1956.7422957160768,0.2559668600006262,,,,,,,,,-18.39144107475794,1.3475390629973845,-19589434574.08376,9.432940699996834,0.8178713011240438,0.1056159500003559,0.6748622485989038,0.2157066049985587,0.7753206545776204,0.0109364919990184,0.8709712778942389,0.0070803639973746,,,Q500,D405
SD405Q500_7,SD405Q500,0.9291993936481948,0.2838983419933356,1911.8260713798409,0.2764602899987949,,,,,,,,,-18.383523699255832,1.1145258440010366,-5904483666.991967,10.017949415996554,0.8089121729555206,0.0992850049951812,0.6750144569674797,0.2002304079942405,0.7728881026094648,0.0112753860012162,0.8769192263962995,0.0071476529992651,,,Q500,D405
SD405Q500_4,SD405Q500,0.8307950199127547,0.2765226429983158,1692.7459481228343,0.2767466619989136,,,,,,,,,-18.355895576377865,1.0817497489988457,-19904999809.249275,13.350182374000724,0.8149837175692549,0.0979375039969454,0.6939370445958802,0.2081564479958615,0.7744360902255639,0.0134508640039712,0.8718856669984945,0.0077134130042395,,,Q500,D405
SD405Q500_8,SD405Q500,0.8389929704180188,0.2849921489978442,1511.1214861982132,0.279277182999067,,,,,,,,,-18.37620493361833,1.0774608979991172,-10356834397.36937,12.548861589995797,0.8257441628281722,0.0960785520001081,0.6922902669486741,0.1986290239947266,0.772593247825446,0.0117415860004257,0.8738896150046593,0.0071282899953075,,,Q500,D405
SD405Q500_3,SD405Q500,0.9128244259233144,0.2790435370043269,1838.8568014982088,0.2896517049957765,,,,,,,,,-18.361931347583955,1.0926228609969255,-18577363367.363056,12.60903102500015,0.807556024947744,0.0948365939984796,0.6892386803391656,0.2001698710009805,0.7701606958572903,0.010620087996358,0.872102052327908,0.0069296319998102,,,Q500,D405
SD405Q500_1,SD405Q500,0.8731655626054057,0.2797583889987436,1761.4095607013326,0.2818272549993708,,,,,,,,,-18.36402281926391,1.069198516997858,-13118361157.108805,12.396662044004188,0.8215211976409388,0.1010650179960066,0.6783437185359993,0.2040755459966021,0.7717823971693941,0.0108497659966815,0.8769023760608728,0.0075671970043913,,,Q500,D405
SD405Q500_0,SD405Q500,0.94454248921622,0.2816778749984223,1716.8983509782302,0.2867092230007984,,,,,,,,,-18.35724141190693,1.3158231910056202,-23097688888.080418,11.008665013003338,0.7995686728605549,0.1081417599998531,0.6934172126877288,0.2003730119977262,0.7753943682736252,0.0122649429977172,0.8763771741487013,0.0073839310061885,,,Q500,D405
SD405Q1000_0,SD405Q1000,0.9480362092885208,0.2813901910049026,1864.904537533836,0.2871863599939388,,,,,,,,,-18.254236741747896,1.1092834419978317,-25875991188.071625,8.61127736599883,0.8051561396356193,0.0985036109996144,0.6861588233643539,0.2041715399973327,0.7930856553147575,0.0113508110007387,0.87934454380516,0.0073469760027364,,,Q1000,D405
SD405Q1000_8,SD405Q1000,0.9099528570504948,0.2858811169935507,1957.459185339226,0.2766972629979136,,,,,,,,,-18.28128954379234,1.0700624829987646,-14652015514.319883,11.748708824998175,0.81715704631667,0.103747667002608,0.6848943298578501,0.195693020003091,0.7975821907710453,0.0110760820025461,0.8817533987313337,0.0068302950021461,,,Q1000,D405
SD405Q1000_7,SD405Q1000,0.8428061488606498,0.2789639289985643,1601.0059649263903,0.2783249889980652,,,,,,,,,-18.24714286543207,1.093470558997069,-15168980572.567682,14.444491169000685,0.8185184754219732,0.1054595469977357,0.6899133582712775,0.201558571003261,0.8016364440513047,0.0112393950039404,0.8810926786870827,0.00734161100263,,,Q1000,D405
SD405Q1000_9,SD405Q1000,0.9730208625341852,0.282253474004392,2055.5213795977315,0.2779916869985754,,,,,,,,,-18.2419369941498,1.08176530199853,-19775753017.99505,13.49691047899978,0.7989507943339619,0.1992819419974694,0.6902532074126232,0.2683372190003865,0.7930119416187527,0.0229045660016709,0.8787832436237539,0.012136236000515,,,Q1000,D405
SD405Q1000_6,SD405Q1000,0.8622723036119875,0.5069835350004723,1867.7838383787807,0.3356342539991601,,,,,,,,,-18.25948478535004,1.0781475010007853,-14234070357.165276,12.43639693500154,0.8307589724847317,0.1037586870006634,0.6941550969999744,0.1993654460020479,0.8016364440513047,0.0109283760029939,0.8802763273696221,0.0072093650014721,,,Q1000,D405
SD405Q1000_5,SD405Q1000,0.7573738576139826,0.2746578649966977,1778.44161833167,0.2689927750034258,,,,,,,,,-18.235117449411973,1.27062082500197,-21653991629.399937,12.19803855400096,0.8014353775699219,0.0989458600015495,0.6997033204030081,0.2028237159975106,0.7990564646911397,0.011273695003183,0.8807879217660796,0.0074328549962956,,,Q1000,D405
SD405Q1000_3,SD405Q1000,0.9060832189856456,0.2734270769942668,1555.3646088329724,0.2891976359969703,,,,,,,,,-18.252070234491075,1.0918293310023728,-18844528781.66493,11.808643208998546,0.8175399044520054,0.1066442719966289,0.6925095236168796,0.2063350159951369,0.7945599292348517,0.011260494000453,0.8795000166824243,0.0071598729991819,,,Q1000,D405
SD405Q1000_2,SD405Q1000,0.8532010750411121,0.2782815149985254,1987.6733867462065,0.2736774240038357,,,,,,,,,-18.25516557917629,1.0866094879966113,-10095324889.959486,8.267011787000229,0.8253853380750409,0.0958484099974157,0.6847073716431124,0.2006309400021564,0.7999410290431962,0.0109226540007512,0.8808603988778931,0.0070792300030007,,,Q1000,D405
SD405Q1000_1,SD405Q1000,0.8521886432797535,0.27355741700012,2058.5580971108034,0.277611228004389,,,,,,,,,-18.2242867168075,1.0741855489977752,-17486198617.015125,10.454913393994502,0.823590601637328,0.0856949200024246,0.6992125868556842,0.1936695510012214,0.7937490785787998,0.0107884559984086,0.880730005016343,0.0068909929977962,,,Q1000,D405
SD405Q1000_4,SD405Q1000,0.913629568089822,0.2747409959993092,1806.691005293671,0.2747976940008811,,,,,,,,,-18.24501962757128,1.0617929930012906,-17608871327.815308,12.211729599002863,0.8121742598003409,0.1116049359989119,0.6921133253262147,0.2027254179993178,0.7896948252985405,0.0110106200008885,0.8790807914360483,0.0073255320021416,,,Q1000,D405
SD205Q1500_0,SD205Q1500,0.6075202599309109,0.1365099210001972,1047.279395763073,0.1754024259998914,,,,,,,4.035498741200731,317.45479500600004,-18.1188489682259,0.8633723349998945,-26.50232959770089,10.59371028400028,0.8507277675463055,0.091222782999921,0.9174685063521426,0.2209973659996649,0.8828065739570166,0.0099028529998577,0.9523208424446474,0.0074441080000724,0.2906834981742574,6.3148078520002855,Q1500,D205
SD205Q1500_1,SD205Q1500,0.727193266356534,0.2078840420003871,1147.583409450693,0.1967308130001583,,,,,,,4.0677939384243365,363.0147410099999,-18.162765953158548,0.774346616999992,-25.542546007128824,9.54526481999983,0.8573966878427783,0.0834486779999679,0.9161759079094488,0.1915635509999447,0.879519595448799,0.0090545940001902,0.9485656196309034,0.006225016999906,0.2861096457913863,6.384292361000007,Q1500,D205
SD205Q1500_2,SD205Q1500,0.8113409913903203,0.2850832949998221,1408.7623133564734,0.2747531680001884,,,,,,,3.416383361494832,238.28244175200007,-18.14221746164135,0.756774325999686,-27.176295778284043,6.548518747999879,0.8520574864520266,0.0834730080000554,0.9129353500945024,0.1970058470001277,0.8815423514538558,0.0094183950000115,0.9470776080845444,0.006533279999985,0.286649130923612,6.39207155799977,Q1500,D205
SD205Q1500_3,SD205Q1500,0.6233061254863879,0.1339029069999924,1319.1579166345648,0.1972228149998045,,,,,,,3.78919131131712,257.985664238,-18.11969727117667,0.7282515470001272,-27.11960998636754,7.9206776699998045,0.8409564126571321,0.0922964129999854,0.916809422573702,0.2101833000001534,0.8764222503160557,0.0122351649997654,0.9473889801626928,0.0068492529999275,0.2871719953014585,6.618771681999988,Q1500,D205
SD205Q1500_4,SD205Q1500,0.7451674582599185,0.2113261530003001,1484.419177911308,0.1789211370000885,,,,,,,3.6835462445417,311.8878957400002,-18.106012438332968,0.8887048810001943,-25.617479923226224,6.819366101000014,0.8474840277813532,0.0797467730003518,0.9172273726268358,0.189265541000168,0.8741466498103666,0.0091390529996715,0.9519570743657046,0.0057437599998593,0.3019227138788752,6.678222031999667,Q1500,D205
SD205Q1500_5,SD205Q1500,0.6955612765288124,0.3810666399999718,1189.9550175094068,0.2349286519997804,,,,,,,3.6990355486813367,359.90999385999976,-18.10959010157155,0.7950342700000874,-25.34636655092926,9.511586524999984,0.8644909800873203,0.0813510630000564,0.9237084203230044,0.2061949529997946,0.8872313527180784,0.0090961400001106,0.9558663043121982,0.006542373999764,0.2822420300103364,6.180499476000023,Q1500,D205
SD205Q1500_6,SD205Q1500,0.6692687954313151,0.1246085399998264,1184.6594618747129,0.2159569410005133,,,,,,,3.331156200242825,317.1819714129997,-18.10597528244584,0.7457790599992222,-25.91016115134387,6.951038064000386,0.851902441063308,0.085558568000124,0.9164464673871334,0.1932122899997921,0.8831858407079646,0.0088397760000589,0.952643002855441,0.0069791669993719,0.2953546287865591,6.395831917000578,Q1500,D205
SD205Q1500_7,SD205Q1500,0.7502914025852359,0.2082751429998097,1215.15571769018,0.2071428229992307,,,,,,,4.196852663259889,359.31530380299955,-18.045947927169845,0.7610506139999416,-27.121048902199604,9.431156697000006,0.8481811672727108,0.096839386999818,0.91902778299734,0.2300481629999922,0.8820480404551201,0.0093677960003333,0.9555779554792788,0.0068888770001649,0.2971925937103924,6.339322066000023,Q1500,D205
SD205Q1500_8,SD205Q1500,0.6468132268780499,0.2125071720001869,1438.0949224742417,0.1859545459992659,,,,,,,3.164688307524944,289.1499568720001,-18.09481458863794,0.7666432079995502,-27.10708715787457,10.14172618199973,0.8596457175664686,0.0832237539998459,0.9174412036531168,0.2042806720000953,0.8859039190897597,0.0117042450001463,0.95090758489478,0.0069589739996445,0.2841080274212303,6.169485627999165,Q1500,D205
SD205Q1500_9,SD205Q1500,0.6021134217629854,0.1199228710001989,1142.7196284249442,0.1479456590004702,,,,,,,4.134382986207863,304.4172075790002,-18.075909817183906,0.7796884449999197,-26.906119398231898,6.765830487999665,0.8537579526892409,0.0844396869997581,0.9131503208481784,0.2025114540001595,0.8783185840707964,0.0114354549996278,0.9491683116828024,0.0065641979999782,0.2880477037359453,6.494128993999766,Q1500,D205
SD305Q1000_0,SD305Q1000,65.74292064866042,1.920837356999982,17851.404659939824,1.7392209970003023,,,,,,,3.5769199289246667,1202.1708824039997,-18.42068074395237,916.9252505979994,-83294832.28427298,38.21215224400021,0.9320367540756038,1249.5362060319994,,0.0142077639993658,0.9405827259475218,1.3055779240003176,0.999999996275623,0.026749380000183,0.5762656398584614,5.652339921000021,Q1000,D305
SD305Q1000_1,SD305Q1000,86.3111082394473,1.7510793759993248,28825.086805916293,1.8012583359995915,,,,,,,3.713088559844135,745.0655417790003,-18.42068074395237,892.492363161,-76031663.41899051,37.30552804599938,0.9323630835411216,1253.8226357229996,,0.0136224170000787,0.9401417638483964,1.2897288899985142,0.9999999982726838,0.0253251040012401,0.5348324756962226,5.97532285700072,Q1000,D305
SD305Q1000_2,SD305Q1000,20.525727999536933,2.264508803000353,12124.539085967594,2.4187251219991595,,,,,,,3.761348919315573,1012.0589364400004,-18.42068074395237,950.2050326550016,-81041015.97590323,41.87821307400009,0.9323969424891794,1264.539907456001,,0.0137032409984385,0.9403527696793,1.2502801500013447,0.9999999924586516,0.0254969419984263,0.6019904786942706,5.010710802998801,Q1000,D305
SD305Q1000_3,SD305Q1000,25.220116358883853,1.9352194870007224,24902.96363800276,1.9650370669987751,,,,,,,3.850729519958175,922.1437034480005,-18.4300188118103,871.5515624260006,-65587835.611759424,37.882783406999806,0.9312459677012372,1242.5972866439988,,0.0142806170006224,0.9394333090379008,1.399501728999894,0.9999999893976802,0.0276304430008167,0.5950381469151587,6.130612511999061,Q1000,D305
SD305Q1000_4,SD305Q1000,38.208822153765496,1.6815347809970262,26346.58164908253,1.674318540997774,,,,,,,3.823846164330352,972.0780293250028,-18.42068074395237,895.0713885200021,-67648328.86833863,33.63591288599855,0.9311295896977256,1194.769531014001,,0.0134436189982807,0.9400965743440232,1.2446719819999998,0.9999999972756646,0.0245550940016983,0.5774027376929367,4.62821334399996,Q1000,D305
SD305Q1000_5,SD305Q1000,44.99214928368589,2.118020292997244,57170.36312273436,1.9522114350002084,,,,,,,3.549633266374352,1193.8660229849993,-18.42068074395237,866.9530531790006,-103710192.45610066,38.45801579199906,0.9321754559060026,1252.7312154910032,,0.0137879870017059,0.9417394314868804,1.2787733730001491,0.9999999954060396,0.0250496419976116,0.5490485184718413,5.116223728997284,Q1000,D305
SD305Q1000_6,SD305Q1000,28.6287451290212,2.067058205997455,22862.1809363464,2.4003962080023484,,,,,,,3.694710025242285,720.5491241299969,-18.42068074395237,869.7854300320032,-51604146.68627151,38.67654801799654,0.9327629902601372,1256.979556862003,,0.0133596309970016,0.9408578717201168,1.2952605250029592,0.999999995904444,0.0258247829988249,0.5927915797311724,4.680897719998029,Q1000,D305
SD305Q1000_7,SD305Q1000,29.25041518890959,1.7760995620046742,14330.802461872265,1.7866882359958254,,,,,,,3.442023543174595,892.1462452499982,-18.43392272683997,876.5228207559994,-49269994.34665439,35.82170587300061,0.931458306591594,1326.310717579996,,0.0147798640027758,0.9409970845481048,1.3841487910030992,0.9999999921405152,0.0283495769981527,0.5810090690906135,5.00223969599756,Q1000,D305
SD305Q1000_8,SD305Q1000,53.67771757988332,1.7724147390035796,16222.688042414638,2.1164899170034914,,,,,,,3.5927956466924216,1160.9135181149975,-18.42068074395237,874.5479558389998,-126407517.8738024,33.435122438997496,0.9320406294982838,1248.3534246300042,,0.013758927998424,0.940307944606414,1.242179421999026,0.9999999882657812,0.0271715999988373,0.5634490559660964,5.080536834000668,Q1000,D305
SD305Q1000_9,SD305Q1000,26.466447695974,2.215015929999936,14394.048046387685,2.0574094350013183,,,,,,,3.719426182981206,1046.792241242998,-18.42068074395237,912.629395965996,-118381760.78135128,33.46053006400325,0.9309199884776954,1274.3356289410003,,0.0150431880028918,0.9403651603498542,1.4197686160041485,0.9999999937411108,0.0270689620010671,0.5775864378365977,7.064360343996668,Q1000,D305
SD0Q1500_0,SD0Q1500,0.4856492616989977,0.0258128380000925,417.01941354267166,0.0366460879999976,,,,,,,1.7823428946607514,9.346277241000053,-18.408879655636014,1.2995423269999264,-29.80043664365905,1.6452120540000124,0.5734446648794439,0.1290636950000134,,0.0006676360001165,0.8458658854166666,0.0066382130000874,0.9151540148959642,0.0015219980000438,0.5695652173913043,0.1865072679997865,Q1500,D0
SD0Q1500_1,SD0Q1500,0.5935047434913082,0.0250876360000802,393.4816855395828,0.0273838790001264,,,,,,,1.8927591483587043,8.184815742000183,-18.41798348607149,0.9942654530000254,-29.310446383027003,2.530145481999853,0.5659330707759666,0.1353556230001231,,0.0005647310001677,0.8579101562499999,0.006793529999868,0.9455509669767148,0.0009971239999231,0.6068376068376068,0.2654764900000828,Q1500,D0
SD0Q1500_2,SD0Q1500,0.6572883687757056,0.0271921010000824,506.7050948076549,0.0378382469998541,,,,,,,2.579119037868452,8.502364945000181,-18.41858164481045,0.984054100999856,-28.84747285330309,1.0379026099999464,0.5822448990358443,0.1234570690000964,,0.0004242420000082,0.8583984374999999,0.0064538640001501,0.8827241530870892,0.0008813769998141,0.5395348837209302,0.1920753289998629,Q1500,D0
SD0Q1500_3,SD0Q1500,0.4637263959468802,0.0303775600000335,508.86586996290464,0.0332143649998215,,,,,,,1.2074825012421138,7.866758052000023,-18.41352775764054,0.976185176999934,-29.431018720050727,1.926648857999908,0.5872160698246234,0.1441033809999226,,0.0005289680000259,0.857421875,0.0065724839998893,0.9194898935469608,0.0011011430001417,0.5914893617021275,0.1763090990000364,Q1500,D0
SD0Q1500_4,SD0Q1500,0.5868332341211508,0.029441449999922,540.7622284684787,0.0302843229999325,,,,,,,2.076890434292048,7.971411602999979,-18.41975245895625,1.1083309519999602,-29.23064282047009,1.491793576999953,0.5728087844035009,0.1373269750001782,,0.0005375329999424,0.85009765625,0.0068066910000652,0.9259981622588748,0.0009788489999209,0.6169772256728779,0.1813436509999064,Q1500,D0
SD0Q1500_5,SD0Q1500,0.4566241688594322,0.0355307979998542,405.6571015161474,0.0309091649999118,,,,,,,1.2887005740644673,9.262052945999812,-18.4187993973497,0.8576411620001636,-29.51833248569203,1.2476863780000258,0.5689800433787833,0.1276543339999989,,0.0005930840000019,0.8605143229166667,0.0068077790001552,0.9108206593739387,0.001027754000006,0.5921052631578947,0.1756315159998394,Q1500,D0
SD0Q1500_6,SD0Q1500,0.6723918692677415,0.0281504719998793,481.61145175847867,0.027262219000022,,,,,,,2.3921642132783063,7.415253512999925,-18.403898786608465,1.1700455310001416,-30.36780905162158,2.331059503999996,0.5581044194209658,0.1286764860001312,,0.0004999560001124,0.84765625,0.0069196260001263,0.9194898935469608,0.0010333299999274,0.5975103734439835,0.1991341259999899,Q1500,D0
SD0Q1500_7,SD0Q1500,0.5093367975938923,0.0399816459998874,633.472845780753,0.0430345689999285,,,,,,,2.207856540340792,8.536643825000056,-18.41956791708147,1.001347856999928,-29.38949387588316,1.0567432459999964,0.5460273443343416,0.1369153539999388,,0.0005262199999833,0.85302734375,0.0072574119999444,0.9433765952284026,0.0011340050000399,0.620545073375262,0.188100046000045,Q1500,D0
SD0Q1500_8,SD0Q1500,0.4538470444749585,0.0296922180000365,432.2672434435423,0.0281690410001829,,,,,,,1.3476584233170197,8.64700574199992,-18.40344824746077,1.016861752000068,-29.7928733435304,1.098248469000055,0.5815998554920917,0.1354686580000361,,0.0004999200000384,0.8515625,0.0067291150000983,0.9390291334257312,0.001008961999787,0.619047619047619,0.1915509000000383,Q1500,D0
SD0Q1500_9,SD0Q1500,0.6243591275537855,0.0308175690001917,557.3774906320485,0.0280174540000643,,,,,,,1.4968914967397997,9.112190901999838,-18.408320300920384,1.0390663000000586,-29.26422850402398,2.199437796000211,0.5798766058701158,0.1487447330000577,,0.0006115230000887,0.861328125,0.0080505609998908,0.9564285880104146,0.0011936379999042,0.6322067594433399,0.2034680899998875,Q1500,D0
SD1Q1500_0,SD1Q1500,0.4213754105235168,0.0571106869999766,373.9145094794045,0.0691521690000627,,,,,,,1.781255892378424,14.703358944,-13.105510469934895,0.1804263039998659,-5.125591317846768,1.0037795709999957,0.7073906135894837,0.0275096169998505,0.8508975289150467,0.033352824000076,0.90993265993266,0.005807587000163,0.9476015982784212,0.0029291319999629,0.4709442336495555,1.255574814000056,Q1500,D1
SD1Q1500_1,SD1Q1500,0.4071911111790856,0.0783697990000291,382.3182501651727,0.0732656840000345,,,,,,,1.5811862587790726,19.13636507000001,-12.969176682751886,0.1817695750000894,-2.968305346195,1.0296757249998336,0.7202212107876393,0.0293806970000787,0.850644673894314,0.0335282400001233,0.9043209876543208,0.0061132109999562,0.9498100215226732,0.0030159310001636,0.4791521591145893,1.2677589970001009,Q1500,D1
SD1Q1500_2,SD1Q1500,0.3795781662569581,0.0882543500001702,510.8607674556986,0.1336652850000064,,,,,,,0.7699798390489073,21.385468833000004,-13.138120981585391,0.1802051550000669,-2.0773361059771047,1.0801708179999423,0.7212071288920029,0.0283820990000549,0.8544906222483085,0.0310107689999767,0.9057239057239056,0.0035015770001791,0.9564211547225762,0.0025758379999842,0.465085075347033,1.2169530610001402,Q1500,D1
SD1Q1500_3,SD1Q1500,0.3494578581771819,0.0559158300000035,369.747315253445,0.0651006000000506,,,,,,,1.7214924634146922,19.91557200400007,-12.983756411494216,0.2441286910000144,-3.8004087484705287,1.202161378000028,0.6995541027735516,0.0286781939998945,0.8466445220491883,0.0362901569999394,0.8939393939393938,0.0044551089999913,0.9486295378279112,0.0033762079999632,0.4142140889169037,1.2599828919999254,Q1500,D1
SD1Q1500_4,SD1Q1500,0.3723977578111046,0.0785172579999198,344.2448420477969,0.0727358179999555,,,,,,,1.054570674482418,20.281621596999912,-12.729091053299875,0.1871434610000051,-3.946608878443842,0.9984577279999484,0.7019696025063819,0.0272930730000098,0.856112993978598,0.0313228580000668,0.8970258136924802,0.0039103139999951,0.947824481408056,0.002646469000183,0.4137176480431256,1.2319629920000352,Q1500,D1
SD1Q1500_5,SD1Q1500,0.3872587917395023,0.0791494610000427,393.23700869958776,0.0870326819999718,,,,,,,1.1114600653643385,16.43250957600003,-12.93356963815856,0.1836783399999149,-3.42996481787737,1.051208048000035,0.6910160809396425,0.0290382759999374,0.8507389269409102,0.036269521000122,0.9116161616161615,0.0041612780000832,0.95277720844423,0.0029683610000574,0.344884284752152,1.2570493589998932,Q1500,D1
SD1Q1500_6,SD1Q1500,0.4135727710613749,0.087925081000094,420.4625791706452,0.0885182829999848,,,,,,,1.3492913505754638,21.203049282000165,-12.872622843692234,0.1904182909997871,-3.53269721173188,0.9593784070000312,0.7246803524997391,0.0306970279998495,0.8568498767589532,0.0346076040000298,0.904601571268238,0.0041972379999606,0.9565188332898296,0.0031460459999834,0.3832459026262879,1.2310670789997855,Q1500,D1
SD1Q1500_7,SD1Q1500,0.3370140185046288,0.0646294840000791,284.6748597267961,0.0742220690001431,,,,,,,1.8889962186060136,19.42847493899989,-12.687837490709043,0.2182545179998669,-25.17299105764876,1.4310801209999229,0.6785650652878532,0.0286471499998697,0.8649908771869145,0.0336893919998146,0.9082491582491584,0.0038835670000025,0.9408314693540302,0.0027956159999575,0.3640391247067867,1.2412451160000728,Q1500,D1
SD1Q1500_8,SD1Q1500,0.4071451617961436,0.078345218999857,293.31946000718506,0.0886297930001092,,,,,,,1.0795710875767794,22.73942945900012,-13.26187602613334,0.1941450909998821,-4.7746155277981925,1.0244109329998992,0.6345314066115095,0.0281787379999514,0.8418200134084293,0.0326745409997784,0.8855218855218855,0.0039772869999978,0.9476053789764723,0.0027990759999738,0.3742225543302083,1.4583501229999456,Q1500,D1
SD1Q1500_9,SD1Q1500,0.3327031741334827,0.1479742079998232,294.8595050759567,0.1641834309998557,,,,,,,1.0045330752380923,17.238145945000042,-13.201841903700986,0.1809538900001825,-3.88192780595778,1.0751536640000268,0.7159584709371059,0.028455847999794,0.847014115374467,0.0327069259999461,0.8973063973063973,0.0039547169999423,0.9493976629839884,0.0024775259998932,0.3530017746011883,1.268780285000048,Q1500,D1
SD305Q10_0,SD305Q10,187.53822593152032,1.7809098479997374,78208.10675633758,1.7405619840001236,,,,,,,,,,,1601.357042235992,56.38340568300009,,,,0.0326453750003565,0.825965743440233,1.6487478219996774,0.9377433420282034,0.032419475000097,0.0179453836150845,6.55926102400008,Q10,D305
SD305Q10_1,SD305Q10,190.1520675395079,1.6346260650002478,77741.51382985778,1.597076763000132,,,,,,,,,,,1492.4710237057952,42.130315999999766,,,,0.0309252659999401,0.8260940233236151,1.6433800629997677,0.9382151709731597,0.1778468560000874,0.0179500520291363,7.447034717999941,Q10,D305
SD305Q10_2,SD305Q10,191.16158024589845,1.4740105249998123,81457.46435921012,1.6597126739998205,,,,,,,,,,,1468.0383931519088,43.69843755900001,,,,0.0326450389998171,0.8259759475218658,1.690138993000346,0.9332664391388428,0.0324546649999319,0.0179453836150845,7.921407937999902,Q10,D305
SD305Q10_3,SD305Q10,182.84872796097216,1.5866712520000874,77965.162161856,1.497745259000112,,,,,,,,,,,1649.4486515237925,48.38250116300014,,,,0.0254239750001943,0.8256574344023324,1.829068712000208,0.933538180654292,0.0303703730000961,0.0185399113536427,6.66580530300007,Q10,D305
SD305Q10_8,SD305Q10,185.22965197906004,1.466213727000195,79086.13374490965,1.7333432909999829,,,,,,,,,,,1513.4265631663832,46.196190088000094,,,,0.0259123050000198,0.8260495626822157,1.6735825390001082,0.9320402753988448,0.0300397250002788,0.0179453836150845,7.909267432999968,Q10,D305
SD305Q10_9,SD305Q10,188.62471658737,1.6191521010000542,79698.53568745045,1.5258636799999294,,,,,,,,,,,1615.7816595470763,47.32307316100014,,,,0.0258637630004159,0.8260156705539358,1.877618457999688,0.9365970711281176,0.0305877729997519,0.0179453836150845,7.7287927869997475,Q10,D305
SD305Q100_0,SD305Q100,334.3811330490816,2.037094894999427,138904.83714737318,2.661671244999525,,,,,,,,,,,-108527530.35757785,51.518201330999545,,,,0.0270609950002835,0.8575462827988337,1.8009947279997505,0.995682043618044,0.0309724499993535,0.4224655616891809,8.270697687999927,Q100,D305
SD305Q100_1,SD305Q100,339.98410674846787,2.229833585999586,142396.47936613485,2.2190253469998424,,,,,,,,,,,-92754379.29967146,47.04497131900007,,,,0.0260750409997854,0.855115889212828,1.6914730070002406,0.9950218644868912,0.0308162950004771,0.4299513976235388,6.433988879999561,Q100,D305
SD305Q100_2,SD305Q100,347.43297634018586,2.514647447000243,154729.50075941347,2.3143843770003514,,,,,,,,,,,-254720882.97722143,44.06545133700001,,,,0.0255287690006298,0.8570535714285715,1.7085027100001753,0.994388777167004,0.0307301820002976,0.4562733233155066,8.767294890000812,Q100,D305
SD305Q100_3,SD305Q100,362.1054245668524,1.98003999499997,144090.18994491018,2.179079608999928,,,,,,,,,,,-225324106.07094467,44.92880050999975,,,,0.0297381130003486,0.8557908163265306,1.708150817999922,0.99501475292764,0.0330242059999363,0.4078313633403284,5.352071354000145,Q100,D305
SD305Q100_4,SD305Q100,379.14152851704176,2.184639367999808,146846.2348925822,2.023218010999699,,,,,,,,,,,-119389346.91465056,44.18075052299992,,,,0.0242126949997327,0.8571975218658892,1.6951711209994755,0.996149973409556,0.032020784999986,0.4266507090332368,6.932639185999506,Q100,D305
SD305Q100_5,SD305Q100,329.4694047283707,2.2742295789994387,152566.36977334128,2.4557239680007115,,,,,,,,,,,-612459178.8663117,50.32584990900068,,,,0.0280637559999377,0.8561457725947521,1.7140523560001384,0.995755508088378,0.03348178700071,0.4352237444974018,6.4039572810006575,Q100,D305
SD305Q100_6,SD305Q100,375.40833462385007,2.155997897000816,148280.34443936043,2.47175032999985,,,,,,,,,,,-313353236.271458,43.50938932899953,,,,0.0271199290000367,0.8571322886297376,1.6713836899998569,0.9957095003613764,0.1801908359993831,0.4082999231578222,6.556492472999707,Q100,D305
SD305Q100_7,SD305Q100,303.2554217378649,2.367783108000367,141358.09078945918,2.395391654999912,,,,,,,,,,,-194400183.7292781,43.239504324000336,,,,0.0257320829996388,0.8568363702623907,1.6770389189996422,0.9956585024226864,0.0307098469993434,0.3933391951714623,7.767186660999869,Q100,D305
SD305Q100_8,SD305Q100,346.26510321325634,2.081233683999926,140625.7987950798,1.9767323920004856,,,,,,,,,,,-308266095.29123515,47.02290185400034,,,,0.0269138229996315,0.8566202623906705,1.7387852660003773,0.9951749049819346,0.0312166940002498,0.4086573443494798,6.888143033000233,Q100,D305
SD305Q100_9,SD305Q100,326.1837972596602,2.2870269380000536,128067.80071483682,2.612303136999799,,,,,,,,,,,-43681572.01847869,46.26706159600053,,,,0.0266075130002718,0.8578403790087463,1.673953829000311,0.9949660724917068,0.0301628300003358,0.4361860450314462,7.684662648000085,Q100,D305
SD305Q500_0,SD305Q500,95.11367642249104,2.394601390999924,46518.1664812066,2.091554487000394,,,,,,,,,,,-1022392564.073883,43.50958785700004,,,,0.0264791200006584,0.8791472303206996,1.7091525769992586,0.9999734412717556,0.0351828109996859,0.5791372681424123,5.695832598000379,Q500,D305
SD305Q500_1,SD305Q500,93.83674313158797,2.047167781999633,40343.25821252435,2.2804815310000777,,,,,,,,,,,-1502893442.9181852,44.07404529500036,,,,0.0260497460003534,0.8811800291545189,1.702848842000094,0.999983348485648,0.0351179509998473,0.5682941587951567,5.177574289999939,Q500,D305
SD305Q500_2,SD305Q500,108.48863785938566,2.2325414730003104,37808.70317532862,2.558795358999305,,,,,,,,,,,-1065894378.1959934,44.005231400999946,,,,0.0267532220004795,0.8817558309037902,1.6655457549995845,0.9999827837076172,0.1738406790000226,0.5655065276502739,7.400066052000511,Q500,D305
SD305Q500_3,SD305Q500,80.94833001319195,2.47371532499983,45328.18237669565,2.2524106760001814,,,,,,,,,,,-1863626144.741332,43.06505156900039,,,,0.0261273360001723,0.8810189504373178,1.7086691860004066,0.9999745452218384,0.031080309000572,0.5750301583220786,6.550233705999744,Q500,D305
SD305Q500_4,SD305Q500,86.88981135741606,2.241491243999917,42573.603773473376,2.167484990000048,,,,,,,,,,,-1338642297.7010524,47.0782215750005,,,,0.0264466830003584,0.8824624635568512,1.854378142999849,0.9999770089051012,0.0312271009997857,0.5893024502595725,5.439762541999698,Q500,D305
SD305Q500_5,SD305Q500,112.3512130363748,2.453662364000593,36687.593657022415,2.612997999000072,,,,,,,,,,,-1644075878.4904287,44.38083050099976,,,,0.0266164100003152,0.8809052478134111,1.68366024199986,0.9999699196517778,0.0306513989999075,0.5576013336273661,8.659408298000017,Q500,D305
SD305Q500_6,SD305Q500,104.1062296762016,2.198576544000389,46563.58029193273,2.324937129999853,,,,,,,,,,,-1812496605.815379,51.38253956900007,,,,0.0254010989992821,0.8809672011661808,1.6692332319998968,0.9999776354046715,0.0305812330007029,0.5374119225127609,6.581009364000238,Q500,D305
SD305Q500_7,SD305Q500,88.9468639607184,2.671724147999157,38923.86224460329,2.5195705950000047,,,,,,,,,,,-1933644384.3481736,43.29304877300001,,,,0.0269119819995466,0.8813950437317785,1.6799595129996303,0.9999764476821414,0.1882312629995794,0.5665589278370959,7.068801610000264,Q500,D305
SD305Q500_8,SD305Q500,94.1881760955194,2.4206121019997227,41236.52812362733,2.259921077999934,,,,,,,,,,,-2016347414.9042308,49.071803605999776,,,,0.0269574759995521,0.8809650145772594,1.687778194999737,0.9999822140943864,0.0311451380002836,0.5617924756389621,5.530284178000329,Q500,D305
SD305Q500_9,SD305Q500,89.18461475442365,2.1276747760002763,32935.45531066307,2.6921863770003256,,,,,,,,,,,-1461750185.195402,43.94839491199946,,,,0.0262268439992112,0.8813083090379009,1.6639368149999427,0.9999759993598138,0.1827821480001148,0.5117443668599401,8.260076530000333,Q500,D305
SD305Q1500_0,SD305Q1500,36.43168641877616,3.528870887999801,16032.059422146693,2.963107659999878,,,,,,,,,,,-491839090.5949745,61.453493154999705,,,,0.0315553340005863,0.941902332361516,1.662658406000446,0.9999997852615712,0.0304679959999703,0.5569111088387565,6.670040255999993,Q1500,D305
SD305Q1500_1,SD305Q1500,25.53079724622568,2.833746784999676,13385.94706359628,2.528287461000218,,,,,,,,,,,-510721409.9930885,43.6955870540005,,,,0.0323574300000473,0.9424063411078716,1.8481280489995693,0.9999998906075064,0.0305693199998131,0.5448789194506244,8.212212131000342,Q1500,D305
SD305Q1500_2,SD305Q1500,32.76876674738497,2.046166031000212,15520.69905182902,2.301247473999865,,,,,,,,,,,-679535395.2272736,50.866578211999695,,,,0.0274109520005367,0.94149416909621,1.697742890999507,0.99999981137368,0.030724170999747,0.5855759632873156,6.391782957999567,Q1500,D305
SD305Q1500_3,SD305Q1500,29.630982553069373,3.053382088999569,11892.507905103974,2.633874506999746,,,,,,,,,,,-521625396.0745782,43.73181839800054,,,,0.0201782479998655,0.9423032069970844,1.7089685640003154,0.9999998106311222,0.1775665839995781,0.5707319492447431,8.769435617999989,Q1500,D305
SD305Q1500_4,SD305Q1500,32.498827183917314,2.1384198340001603,16057.638435165354,2.4745560229994226,,,,,,,,,,,-502832022.50564057,48.94155137300004,,,,0.0228530699996554,0.944009475218659,1.6930306080002993,0.9999998683531524,0.0294777750004868,0.5702103525424416,6.721811073000026,Q1500,D305
SD305Q1500_5,SD305Q1500,26.292292126364945,2.7028603059998204,15418.516821866006,2.625224125999921,,,,,,,,,,,-412960844.55432194,44.899028363999605,,,,0.0200059859998873,0.941810860058309,1.8185118069995951,0.9999998925022732,0.0297458599998208,0.5795180041445935,7.978007028999855,Q1500,D305
SD305Q1500_6,SD305Q1500,51.67067681257348,2.4837097370000265,13479.87851250086,2.498365847000059,,,,,,,,,,,-493833061.51120806,47.03612303099999,,,,0.024851901999682,0.943106778425656,1.7270391749998453,0.999999890246273,0.0313802969994867,0.5657292693116164,6.697897338000075,Q1500,D305
SD305Q1500_7,SD305Q1500,30.416997704183505,2.0969145629997,11477.175711860173,2.6428715749998446,,,,,,,,,,,-467063533.3285467,43.16293791600037,,,,0.0192848440001398,0.942265306122449,1.8117353400002685,0.9999999032316146,0.0311884840002676,0.5764828015154693,7.415869810999538,Q1500,D305
SD305Q1500_8,SD305Q1500,38.660935656433935,2.7891766410002674,16345.415523233918,2.361276288999761,,,,,,,,,,,-581528240.9878137,47.31134803900022,,,,0.0242017600003237,0.9432689504373176,1.7104461979997725,0.9999998560337432,0.0301136170000972,0.5720725431791231,6.993957104999936,Q1500,D305
SD305Q1500_9,SD305Q1500,25.04511190241995,2.119254835999527,13929.062461002748,2.8425316259999818,,,,,,,,,,,-528971064.5377938,45.51198779100014,,,,0.019801364000159,0.9423946793002916,1.6627005359996474,0.9999997738466422,0.0295945749994643,0.5864940845646259,6.784175925000454,Q1500,D305
SD305Q10_4,SD305Q10,188.6194655651236,1.6334997849999129,79341.85008677903,1.5361242950002634,,,,,,,,,,,1660.3634240334056,42.45559662100004,,,,0.0224707650004347,0.825965743440233,1.630009128999518,0.9377433420282034,0.0295518149996496,0.0179453836150845,8.895319209000263,Q10,D305
SD305Q10_5,SD305Q10,184.9374193203789,1.400695934000396,78041.12535510873,1.6234983920003287,,,,,,,,,,,1575.839678928514,45.21027796599992,,,,0.0200295450003977,0.825965743440233,1.6749326090002796,0.9377433420282034,0.0315062560002843,0.0179453836150845,6.849980500999664,Q10,D305
SD305Q10_6,SD305Q10,186.8564653855882,1.5839745240000411,79301.08221333644,1.4691230819998964,,,,,,,,,,,1569.9484313461053,46.02595178699994,,,,0.0237142610003502,0.825965743440233,1.6272256009997363,0.9377433420282034,0.1808753589994012,0.0179453836150845,6.859877810999933,Q10,D305
SD305Q10_7,SD305Q10,191.96952514157843,1.4647869149994222,79032.69347932852,1.699876202000269,,,,,,,,,,,1571.2457702130632,49.670840451,,,,0.019714844000191,0.8261822157434403,1.6912998360003255,0.9370703767172672,0.030529851999745,0.0179500520291363,6.873419398999431,Q10,D305
SD405Q1500_0,SD405Q1500,0.9284925680677008,0.2914938699996128,1601.6693062822935,0.2649357199998121,,,,,,,,,-17.9465610940381,1.2909407480001391,-28068206352.477047,11.770185179999316,0.9190067349134712,0.0988592189996779,0.7033099382005817,0.2049265819996435,0.8112929382279228,0.011128918000395,0.9838864362617082,0.0090745249999599,,,Q1500,D405
SD405Q1500_1,SD405Q1500,0.8544643145696678,0.2829535720002241,1646.32073996389,0.2829387419997147,,,,,,,,,-17.990466323515047,1.0066181710008095,-23823492952.74568,7.762633093999284,0.906087631129864,0.1073911559997213,0.7111641653058708,0.2021090099997309,0.8101135190918471,0.0126897110003483,0.9847066916483934,0.0075516540000535,,,Q1500,D405
SD405Q1500_2,SD405Q1500,0.9744872460935876,0.4283207419994141,1836.180235277704,0.2720015440008865,,,,,,,,,-17.954352097879735,1.0229510099998151,-21220789502.3737,10.512364989000162,0.9158648310351336,0.0930968180000491,0.7088098569531428,0.2067847710004571,0.8143889134601209,0.0115506110005298,0.9860217692395756,0.0077384159994835,,,Q1500,D405
SD405Q1500_3,SD405Q1500,0.7816246672147752,0.2769892429996616,1620.99737499525,0.2815388859999075,,,,,,,,,-17.980247845544202,1.184014460999606,-27446243948.381443,15.671003650000785,0.9159603837099304,0.1023256830003447,0.7046791825830111,0.2198157369994078,0.8167477517322719,0.0129918880002151,0.9816153886801444,0.0073590150004747,,,Q1500,D405
SD405Q1500_4,SD405Q1500,1.0015761209059932,0.278983963000428,1837.2790514491155,0.2833103770008165,,,,,,,,,-17.879389194402442,1.038809038000181,-19920517056.414234,11.516533563999474,0.9255983478130816,0.1000681709992932,0.7068757852147546,0.2081683490005161,0.8153471915081822,0.0134941930000422,0.9859838266782298,0.0108262319999994,,,Q1500,D405
SD405Q1500_5,SD405Q1500,1.0029539216451475,0.2772744920002878,1592.7528906115492,0.2880234579997704,,,,,,,,,-18.0227766061006,1.0352431459996296,-38968692864.01693,12.566909172000123,0.9087051523023144,0.1030957729999499,0.7010848577013837,0.20224109100036,0.8121037888839747,0.011940493000111,0.9837851623284936,0.0074185550001857,,,Q1500,D405
SD405Q1500_6,SD405Q1500,0.8063458983190356,0.2833094779998646,1938.4835539330072,0.2744624120005028,,,,,,,,,-17.951661399905944,1.0429149799992956,-25589270706.35866,9.627367513000536,0.9198230146882193,0.0999867959999392,0.7066826261501012,0.2209476200005156,0.8175586023883238,0.0130150209997736,0.9829944655903292,0.0085016189996167,,,Q1500,D405
SD405Q1500_7,SD405Q1500,0.7682496674124392,0.2814719860007244,1847.560080573533,0.2788264600003458,,,,,,,,,-17.97691222444504,1.2391787690003184,-20151746822.52405,8.986961923999843,0.9222170456511716,0.109973532999902,0.7164411634434429,0.2107513090004431,0.815642046292201,0.0119268759999613,0.9847422179371476,0.0072318359998462,,,Q1500,D405
SD405Q1500_8,SD405Q1500,0.7457083548303217,0.2801658769994901,1743.4423003091106,0.2896258290002151,,,,,,,,,-17.998692656949068,1.0318977899996753,-28980140232.472885,12.89765781799997,0.9157197828836312,0.1016258569998171,0.7095297353682937,0.208046961999571,0.8095975232198143,0.0117849260004732,0.9853114599404044,0.0074150730006294,,,Q1500,D405
SD405Q1500_9,SD405Q1500,0.9257257379584056,0.2722637830001986,1508.9139760948135,0.2760077259999889,,,,,,,,,-17.895906236802258,1.0458725170001344,-29916256331.88008,12.96349768499931,0.9171765650964624,0.101791511000556,0.7062636853188118,0.2073427069999525,0.810703228659885,0.0109332820002236,0.9888804794574736,0.0071105160004663,,,Q1500,D405
